"source_year","source_entry","Market_and_Exchange_Names","Report_Date_as_YYYY-MM-DD","CFTC_Contract_Market_Code","Open_Interest_All","Lev_Money_Positions_Long_All","Lev_Money_Positions_Short_All","FutOnly_or_Combined"
"2022","FinFutYY.txt","DOW JONES INDUSTRIAL AVG- x $5 - CHICAGO BOARD OF TRADE","2022-01-04","124603","101757","25797","16229","FutOnly"
"2022","FinFutYY.txt","NASDAQ-100 STOCK INDEX (MINI) - CHICAGO MERCANTILE EXCHANGE","2022-01-04","209742","210931","35097","45095","FutOnly"
"2022","FinFutYY.txt","DOW JONES INDUSTRIAL AVG- x $5 - CHICAGO BOARD OF TRADE","2022-01-11","124603","93134","23235","13727","FutOnly"
"2022","FinFutYY.txt","NASDAQ-100 STOCK INDEX (MINI) - CHICAGO MERCANTILE EXCHANGE","2022-01-11","209742","220222","45935","48243","FutOnly"
"2022","FinFutYY.txt","DOW JONES INDUSTRIAL AVG- x $5 - CHICAGO BOARD OF TRADE","2022-01-18","124603","94701","21599","12251","FutOnly"
"2022","FinFutYY.txt","NASDAQ-100 STOCK INDEX (MINI) - CHICAGO MERCANTILE EXCHANGE","2022-01-18","209742","235810","51366","53453","FutOnly"
"2022","FinFutYY.txt","DOW JONES INDUSTRIAL AVG- x $5 - CHICAGO BOARD OF TRADE","2022-01-25","124603","92635","22929","11146","FutOnly"
"2022","FinFutYY.txt","NASDAQ-100 STOCK INDEX (MINI) - CHICAGO MERCANTILE EXCHANGE","2022-01-25","209742","243347","61464","47679","FutOnly"
"2022","FinFutYY.txt","DOW JONES INDUSTRIAL AVG- x $5 - CHICAGO BOARD OF TRADE","2022-02-01","124603","87365","18587","15015","FutOnly"
"2022","FinFutYY.txt","NASDAQ-100 STOCK INDEX (MINI) - CHICAGO MERCANTILE EXCHANGE","2022-02-01","209742","239334","43780","52157","FutOnly"
"2022","FinFutYY.txt","DJIA x $5 - CHICAGO BOARD OF TRADE","2022-02-08","124603","82794","16690","14741","FutOnly"
"2022","FinFutYY.txt","NASDAQ MINI - CHICAGO MERCANTILE EXCHANGE","2022-02-08","209742","233767","53194","49853","FutOnly"
"2022","FinFutYY.txt","DJIA x $5 - CHICAGO BOARD OF TRADE","2022-02-15","124603","81392","16599","11328","FutOnly"
"2022","FinFutYY.txt","NASDAQ MINI - CHICAGO MERCANTILE EXCHANGE","2022-02-15","209742","235945","58365","53352","FutOnly"
"2022","FinFutYY.txt","DJIA x $5 - CHICAGO BOARD OF TRADE","2022-02-22","124603","79592","16744","11472","FutOnly"
"2022","FinFutYY.txt","NASDAQ MINI - CHICAGO MERCANTILE EXCHANGE","2022-02-22","209742","257929","56665","57857","FutOnly"
"2022","FinFutYY.txt","DJIA x $5 - CHICAGO BOARD OF TRADE","2022-03-01","124603","78067","13665","15462","FutOnly"
"2022","FinFutYY.txt","NASDAQ MINI - CHICAGO MERCANTILE EXCHANGE","2022-03-01","209742","249537","54527","45619","FutOnly"
"2022","FinFutYY.txt","DJIA x $5 - CHICAGO BOARD OF TRADE","2022-03-08","124603","77560","13542","13053","FutOnly"
"2022","FinFutYY.txt","NASDAQ MINI - CHICAGO MERCANTILE EXCHANGE","2022-03-08","209742","248009","61795","46107","FutOnly"
"2022","FinFutYY.txt","DJIA x $5 - CHICAGO BOARD OF TRADE","2022-03-15","124603","92557","12665","9651","FutOnly"
"2022","FinFutYY.txt","NASDAQ MINI - CHICAGO MERCANTILE EXCHANGE","2022-03-15","209742","264733","53805","50902","FutOnly"
"2022","FinFutYY.txt","DJIA x $5 - CHICAGO BOARD OF TRADE","2022-03-22","124603","63024","8157","6605","FutOnly"
"2022","FinFutYY.txt","NASDAQ MINI - CHICAGO MERCANTILE EXCHANGE","2022-03-22","209742","212808","31043","70492","FutOnly"
"2022","FinFutYY.txt","DJIA x $5 - CHICAGO BOARD OF TRADE","2022-03-29","124603","65308","7965","9186","FutOnly"
"2022","FinFutYY.txt","NASDAQ MINI - CHICAGO MERCANTILE EXCHANGE","2022-03-29","209742","223320","31433","86160","FutOnly"
"2022","FinFutYY.txt","DJIA x $5 - CHICAGO BOARD OF TRADE","2022-04-05","124603","66632","9103","8854","FutOnly"
"2022","FinFutYY.txt","NASDAQ MINI - CHICAGO MERCANTILE EXCHANGE","2022-04-05","209742","232689","37633","92938","FutOnly"
"2022","FinFutYY.txt","DJIA x $5 - CHICAGO BOARD OF TRADE","2022-04-12","124603","71185","9757","10384","FutOnly"
"2022","FinFutYY.txt","NASDAQ MINI - CHICAGO MERCANTILE EXCHANGE","2022-04-12","209742","228302","47142","75179","FutOnly"
"2022","FinFutYY.txt","DJIA x $5 - CHICAGO BOARD OF TRADE","2022-04-19","124603","77622","13608","11564","FutOnly"
"2022","FinFutYY.txt","NASDAQ MINI - CHICAGO MERCANTILE EXCHANGE","2022-04-19","209742","237109","47473","72012","FutOnly"
"2022","FinFutYY.txt","DJIA x $5 - CHICAGO BOARD OF TRADE","2022-04-26","124603","84463","17476","14543","FutOnly"
"2022","FinFutYY.txt","NASDAQ MINI - CHICAGO MERCANTILE EXCHANGE","2022-04-26","209742","236977","48537","59896","FutOnly"
"2022","FinFutYY.txt","DJIA x $5 - CHICAGO BOARD OF TRADE","2022-05-03","124603","79448","16943","12566","FutOnly"
"2022","FinFutYY.txt","NASDAQ MINI - CHICAGO MERCANTILE EXCHANGE","2022-05-03","209742","226722","49744","54819","FutOnly"
"2022","FinFutYY.txt","DJIA x $5 - CHICAGO BOARD OF TRADE","2022-05-10","124603","82940","18871","14054","FutOnly"
"2022","FinFutYY.txt","NASDAQ MINI - CHICAGO MERCANTILE EXCHANGE","2022-05-10","209742","249921","61804","52194","FutOnly"
"2022","FinFutYY.txt","DJIA x $5 - CHICAGO BOARD OF TRADE","2022-05-17","124603","80197","17668","10384","FutOnly"
"2022","FinFutYY.txt","NASDAQ MINI - CHICAGO MERCANTILE EXCHANGE","2022-05-17","209742","243553","55014","52989","FutOnly"
"2022","FinFutYY.txt","DJIA x $5 - CHICAGO BOARD OF TRADE","2022-05-24","124603","83020","18807","12789","FutOnly"
"2022","FinFutYY.txt","NASDAQ MINI - CHICAGO MERCANTILE EXCHANGE","2022-05-24","209742","255244","51886","66349","FutOnly"
"2022","FinFutYY.txt","DJIA x $5 - CHICAGO BOARD OF TRADE","2022-05-31","124603","84482","15067","11309","FutOnly"
"2022","FinFutYY.txt","NASDAQ MINI - CHICAGO MERCANTILE EXCHANGE","2022-05-31","209742","263080","48239","80106","FutOnly"
"2022","FinFutYY.txt","DJIA x $5 - CHICAGO BOARD OF TRADE","2022-06-07","124603","80410","14844","12450","FutOnly"
"2022","FinFutYY.txt","NASDAQ MINI - CHICAGO MERCANTILE EXCHANGE","2022-06-07","209742","268293","51532","86922","FutOnly"
"2022","FinFutYY.txt","DJIA x $5 - CHICAGO BOARD OF TRADE","2022-06-14","124603","93583","21591","15216","FutOnly"
"2022","FinFutYY.txt","NASDAQ MINI - CHICAGO MERCANTILE EXCHANGE","2022-06-14","209742","302267","61567","81001","FutOnly"
"2022","FinFutYY.txt","DJIA x $5 - CHICAGO BOARD OF TRADE","2022-06-21","124603","69024","12937","10898","FutOnly"
"2022","FinFutYY.txt","NASDAQ MINI - CHICAGO MERCANTILE EXCHANGE","2022-06-21","209742","236624","52559","66582","FutOnly"
"2022","FinFutYY.txt","DJIA x $5 - CHICAGO BOARD OF TRADE","2022-06-28","124603","66759","12364","8859","FutOnly"
"2022","FinFutYY.txt","NASDAQ MINI - CHICAGO MERCANTILE EXCHANGE","2022-06-28","209742","248045","56558","75548","FutOnly"
"2022","FinFutYY.txt","DJIA x $5 - CHICAGO BOARD OF TRADE","2022-07-05","124603","67437","13679","9643","FutOnly"
"2022","FinFutYY.txt","NASDAQ MINI - CHICAGO MERCANTILE EXCHANGE","2022-07-05","209742","259449","57344","73263","FutOnly"
"2022","FinFutYY.txt","DJIA x $5 - CHICAGO BOARD OF TRADE","2022-07-12","124603","67254","14368","8817","FutOnly"
"2022","FinFutYY.txt","NASDAQ MINI - CHICAGO MERCANTILE EXCHANGE","2022-07-12","209742","254260","53362","82432","FutOnly"
"2022","FinFutYY.txt","DJIA x $5 - CHICAGO BOARD OF TRADE","2022-07-19","124603","71277","17891","12336","FutOnly"
"2022","FinFutYY.txt","NASDAQ MINI - CHICAGO MERCANTILE EXCHANGE","2022-07-19","209742","256388","54560","80168","FutOnly"
"2022","FinFutYY.txt","DJIA x $5 - CHICAGO BOARD OF TRADE","2022-07-26","124603","73288","17663","11632","FutOnly"
"2022","FinFutYY.txt","NASDAQ MINI - CHICAGO MERCANTILE EXCHANGE","2022-07-26","209742","267158","51502","88292","FutOnly"
"2022","FinFutYY.txt","DJIA x $5 - CHICAGO BOARD OF TRADE","2022-08-02","124603","72619","16409","11520","FutOnly"
"2022","FinFutYY.txt","NASDAQ MINI - CHICAGO MERCANTILE EXCHANGE","2022-08-02","209742","262325","52728","89224","FutOnly"
"2022","FinFutYY.txt","DJIA x $5 - CHICAGO BOARD OF TRADE","2022-08-09","124603","75394","19049","12762","FutOnly"
"2022","FinFutYY.txt","NASDAQ MINI - CHICAGO MERCANTILE EXCHANGE","2022-08-09","209742","258784","45081","99398","FutOnly"
"2022","FinFutYY.txt","DJIA x $5 - CHICAGO BOARD OF TRADE","2022-08-16","124603","81037","23089","18182","FutOnly"
"2022","FinFutYY.txt","NASDAQ MINI - CHICAGO MERCANTILE EXCHANGE","2022-08-16","209742","267796","44206","104853","FutOnly"
"2022","FinFutYY.txt","DJIA x $5 - CHICAGO BOARD OF TRADE","2022-08-23","124603","80779","23810","15544","FutOnly"
"2022","FinFutYY.txt","NASDAQ MINI - CHICAGO MERCANTILE EXCHANGE","2022-08-23","209742","262158","50101","90339","FutOnly"
"2022","FinFutYY.txt","DJIA x $5 - CHICAGO BOARD OF TRADE","2022-08-30","124603","77430","24528","14135","FutOnly"
"2022","FinFutYY.txt","NASDAQ MINI - CHICAGO MERCANTILE EXCHANGE","2022-08-30","209742","263641","50675","88760","FutOnly"
"2022","FinFutYY.txt","DJIA x $5 - CHICAGO BOARD OF TRADE","2022-09-06","124603","76726","21978","16201","FutOnly"
"2022","FinFutYY.txt","NASDAQ MINI - CHICAGO MERCANTILE EXCHANGE","2022-09-06","209742","286754","61842","96694","FutOnly"
"2022","FinFutYY.txt","DJIA x $5 - CHICAGO BOARD OF TRADE","2022-09-13","124603","92577","18130","18266","FutOnly"
"2022","FinFutYY.txt","NASDAQ MINI - CHICAGO MERCANTILE EXCHANGE","2022-09-13","209742","314969","53012","101049","FutOnly"
"2022","FinFutYY.txt","DJIA x $5 - CHICAGO BOARD OF TRADE","2022-09-20","124603","65490","15709","10916","FutOnly"
"2022","FinFutYY.txt","NASDAQ MINI - CHICAGO MERCANTILE EXCHANGE","2022-09-20","209742","271815","46345","87205","FutOnly"
"2022","FinFutYY.txt","DJIA x $5 - CHICAGO BOARD OF TRADE","2022-09-27","124603","67055","17381","11761","FutOnly"
"2022","FinFutYY.txt","NASDAQ MINI - CHICAGO MERCANTILE EXCHANGE","2022-09-27","209742","282054","51285","83312","FutOnly"
"2022","FinFutYY.txt","DJIA x $5 - CHICAGO BOARD OF TRADE","2022-10-04","124603","66652","16647","12008","FutOnly"
"2022","FinFutYY.txt","NASDAQ MINI - CHICAGO MERCANTILE EXCHANGE","2022-10-04","209742","272171","50625","70637","FutOnly"
"2022","FinFutYY.txt","DJIA x $5 - CHICAGO BOARD OF TRADE","2022-10-11","124603","65931","17977","10275","FutOnly"
"2022","FinFutYY.txt","NASDAQ MINI - CHICAGO MERCANTILE EXCHANGE","2022-10-11","209742","281284","57979","77822","FutOnly"
"2022","FinFutYY.txt","DJIA x $5 - CHICAGO BOARD OF TRADE","2022-10-18","124603","69235","17419","11473","FutOnly"
"2022","FinFutYY.txt","NASDAQ MINI - CHICAGO MERCANTILE EXCHANGE","2022-10-18","209742","274388","58125","71437","FutOnly"
"2022","FinFutYY.txt","DJIA x $5 - CHICAGO BOARD OF TRADE","2022-10-25","124603","70719","13706","12259","FutOnly"
"2022","FinFutYY.txt","NASDAQ MINI - CHICAGO MERCANTILE EXCHANGE","2022-10-25","209742","281590","59536","92800","FutOnly"
"2022","FinFutYY.txt","DJIA x $5 - CHICAGO BOARD OF TRADE","2022-11-01","124603","75815","15513","16625","FutOnly"
"2022","FinFutYY.txt","NASDAQ MINI - CHICAGO MERCANTILE EXCHANGE","2022-11-01","209742","282466","59164","91130","FutOnly"
"2022","FinFutYY.txt","DJIA x $5 - CHICAGO BOARD OF TRADE","2022-11-08","124603","77750","17822","13951","FutOnly"
"2022","FinFutYY.txt","NASDAQ MINI - CHICAGO MERCANTILE EXCHANGE","2022-11-08","209742","273054","55002","89105","FutOnly"
"2022","FinFutYY.txt","DJIA x $5 - CHICAGO BOARD OF TRADE","2022-11-15","124603","73833","16474","15800","FutOnly"
"2022","FinFutYY.txt","NASDAQ MINI - CHICAGO MERCANTILE EXCHANGE","2022-11-15","209742","268428","50543","88483","FutOnly"
"2022","FinFutYY.txt","DJIA x $5 - CHICAGO BOARD OF TRADE","2022-11-22","124603","79266","17861","18619","FutOnly"
"2022","FinFutYY.txt","NASDAQ MINI - CHICAGO MERCANTILE EXCHANGE","2022-11-22","209742","252712","48654","76002","FutOnly"
"2022","FinFutYY.txt","DJIA x $5 - CHICAGO BOARD OF TRADE","2022-11-29","124603","79083","17801","17868","FutOnly"
"2022","FinFutYY.txt","NASDAQ MINI - CHICAGO MERCANTILE EXCHANGE","2022-11-29","209742","254245","47659","78138","FutOnly"
"2022","FinFutYY.txt","DJIA x $5 - CHICAGO BOARD OF TRADE","2022-12-06","124603","81777","17926","16156","FutOnly"
"2022","FinFutYY.txt","NASDAQ MINI - CHICAGO MERCANTILE EXCHANGE","2022-12-06","209742","250102","45490","77637","FutOnly"
"2022","FinFutYY.txt","DJIA x $5 - CHICAGO BOARD OF TRADE","2022-12-13","124603","106454","20257","18357","FutOnly"
"2022","FinFutYY.txt","NASDAQ MINI - CHICAGO MERCANTILE EXCHANGE","2022-12-13","209742","312984","44423","75194","FutOnly"
"2022","FinFutYY.txt","DJIA x $5 - CHICAGO BOARD OF TRADE","2022-12-20","124603","72605","26662","6517","FutOnly"
"2022","FinFutYY.txt","NASDAQ MINI - CHICAGO MERCANTILE EXCHANGE","2022-12-20","209742","245045","54712","62794","FutOnly"
"2022","FinFutYY.txt","DJIA x $5 - CHICAGO BOARD OF TRADE","2022-12-27","124603","74950","25258","8132","FutOnly"
"2022","FinFutYY.txt","NASDAQ MINI - CHICAGO MERCANTILE EXCHANGE","2022-12-27","209742","250781","55492","70797","FutOnly"
"2023","FinFutYY.txt","DJIA x $5 - CHICAGO BOARD OF TRADE","2023-01-03","124603","79731","27872","9644","FutOnly"
"2023","FinFutYY.txt","NASDAQ MINI - CHICAGO MERCANTILE EXCHANGE","2023-01-03","209742","244658","58604","60419","FutOnly"
"2023","FinFutYY.txt","DJIA x $5 - CHICAGO BOARD OF TRADE","2023-01-10","124603","77628","27255","9421","FutOnly"
"2023","FinFutYY.txt","NASDAQ MINI - CHICAGO MERCANTILE EXCHANGE","2023-01-10","209742","253625","58130","70408","FutOnly"
"2023","FinFutYY.txt","DJIA x $5 - CHICAGO BOARD OF TRADE","2023-01-17","124603","82660","29213","11532","FutOnly"
"2023","FinFutYY.txt","NASDAQ MINI - CHICAGO MERCANTILE EXCHANGE","2023-01-17","209742","275015","62729","80707","FutOnly"
"2023","FinFutYY.txt","DJIA x $5 - CHICAGO BOARD OF TRADE","2023-01-24","124603","77652","22583","12124","FutOnly"
"2023","FinFutYY.txt","NASDAQ MINI - CHICAGO MERCANTILE EXCHANGE","2023-01-24","209742","273887","58034","87343","FutOnly"
"2023","FinFutYY.txt","DJIA x $5 - CHICAGO BOARD OF TRADE","2023-01-31","124603","80386","23096","13735","FutOnly"
"2023","FinFutYY.txt","NASDAQ MINI - CHICAGO MERCANTILE EXCHANGE","2023-01-31","209742","278449","61614","89943","FutOnly"
"2023","FinFutYY.txt","DJIA x $5 - CHICAGO BOARD OF TRADE","2023-02-07","124603","86299","23764","14883","FutOnly"
"2023","FinFutYY.txt","NASDAQ MINI - CHICAGO MERCANTILE EXCHANGE","2023-02-07","209742","279306","67375","106342","FutOnly"
"2023","FinFutYY.txt","DJIA x $5 - CHICAGO BOARD OF TRADE","2023-02-14","124603","87450","24601","15706","FutOnly"
"2023","FinFutYY.txt","NASDAQ MINI - CHICAGO MERCANTILE EXCHANGE","2023-02-14","209742","276184","58982","104828","FutOnly"
"2023","FinFutYY.txt","DJIA x $5 - CHICAGO BOARD OF TRADE","2023-02-21","124603","91288","27007","18173","FutOnly"
"2023","FinFutYY.txt","NASDAQ MINI - CHICAGO MERCANTILE EXCHANGE","2023-02-21","209742","268297","58301","93137","FutOnly"
"2023","FinFutYY.txt","DJIA x $5 - CHICAGO BOARD OF TRADE","2023-02-28","124603","89912","25091","18402","FutOnly"
"2023","FinFutYY.txt","NASDAQ MINI - CHICAGO MERCANTILE EXCHANGE","2023-02-28","209742","268253","58658","89854","FutOnly"
"2023","FinFutYY.txt","DJIA x $5 - CHICAGO BOARD OF TRADE","2023-03-07","124603","89418","24160","16613","FutOnly"
"2023","FinFutYY.txt","NASDAQ MINI - CHICAGO MERCANTILE EXCHANGE","2023-03-07","209742","260810","59788","87644","FutOnly"
"2023","FinFutYY.txt","DJIA x $5 - CHICAGO BOARD OF TRADE","2023-03-14","124603","104237","16898","18973","FutOnly"
"2023","FinFutYY.txt","NASDAQ MINI - CHICAGO MERCANTILE EXCHANGE","2023-03-14","209742","306461","65156","71184","FutOnly"
"2023","FinFutYY.txt","DJIA x $5 - CHICAGO BOARD OF TRADE","2023-03-21","124603","81747","15167","20752","FutOnly"
"2023","FinFutYY.txt","NASDAQ MINI - CHICAGO MERCANTILE EXCHANGE","2023-03-21","209742","214876","43411","73840","FutOnly"
"2023","FinFutYY.txt","DJIA x $5 - CHICAGO BOARD OF TRADE","2023-03-28","124603","76349","12607","15142","FutOnly"
"2023","FinFutYY.txt","NASDAQ MINI - CHICAGO MERCANTILE EXCHANGE","2023-03-28","209742","220074","41075","81969","FutOnly"
"2023","FinFutYY.txt","DJIA x $5 - CHICAGO BOARD OF TRADE","2023-04-04","124603","88291","15880","20603","FutOnly"
"2023","FinFutYY.txt","NASDAQ MINI - CHICAGO MERCANTILE EXCHANGE","2023-04-04","209742","232186","46145","90486","FutOnly"
"2023","FinFutYY.txt","DJIA x $5 - CHICAGO BOARD OF TRADE","2023-04-11","124603","90263","17455","23962","FutOnly"
"2023","FinFutYY.txt","NASDAQ MINI - CHICAGO MERCANTILE EXCHANGE","2023-04-11","209742","237470","48720","84931","FutOnly"
"2023","FinFutYY.txt","DJIA x $5 - CHICAGO BOARD OF TRADE","2023-04-18","124603","96061","18339","25257","FutOnly"
"2023","FinFutYY.txt","NASDAQ MINI - CHICAGO MERCANTILE EXCHANGE","2023-04-18","209742","245059","54568","86193","FutOnly"
"2023","FinFutYY.txt","DJIA x $5 - CHICAGO BOARD OF TRADE","2023-04-25","124603","99217","20541","28651","FutOnly"
"2023","FinFutYY.txt","NASDAQ MINI - CHICAGO MERCANTILE EXCHANGE","2023-04-25","209742","247654","51598","87590","FutOnly"
"2023","FinFutYY.txt","DJIA x $5 - CHICAGO BOARD OF TRADE","2023-05-02","124603","97094","21178","25854","FutOnly"
"2023","FinFutYY.txt","NASDAQ MINI - CHICAGO MERCANTILE EXCHANGE","2023-05-02","209742","246962","49879","84684","FutOnly"
"2023","FinFutYY.txt","DJIA x $5 - CHICAGO BOARD OF TRADE","2023-05-09","124603","93824","18569","25852","FutOnly"
"2023","FinFutYY.txt","NASDAQ MINI - CHICAGO MERCANTILE EXCHANGE","2023-05-09","209742","255173","56710","87392","FutOnly"
"2023","FinFutYY.txt","DJIA x $5 - CHICAGO BOARD OF TRADE","2023-05-16","124603","96208","17230","25847","FutOnly"
"2023","FinFutYY.txt","NASDAQ MINI - CHICAGO MERCANTILE EXCHANGE","2023-05-16","209742","273355","63768","95174","FutOnly"
"2023","FinFutYY.txt","DJIA x $5 - CHICAGO BOARD OF TRADE","2023-05-23","124603","93883","18273","25790","FutOnly"
"2023","FinFutYY.txt","NASDAQ MINI - CHICAGO MERCANTILE EXCHANGE","2023-05-23","209742","275175","64099","101252","FutOnly"
"2023","FinFutYY.txt","DJIA x $5 - CHICAGO BOARD OF TRADE","2023-05-30","124603","94921","17756","26556","FutOnly"
"2023","FinFutYY.txt","NASDAQ MINI - CHICAGO MERCANTILE EXCHANGE","2023-05-30","209742","298403","70871","115887","FutOnly"
"2023","FinFutYY.txt","DJIA x $5 - CHICAGO BOARD OF TRADE","2023-06-06","124603","100587","18518","25902","FutOnly"
"2023","FinFutYY.txt","NASDAQ MINI - CHICAGO MERCANTILE EXCHANGE","2023-06-06","209742","306736","74167","117233","FutOnly"
"2023","FinFutYY.txt","DJIA x $5 - CHICAGO BOARD OF TRADE","2023-06-13","124603","103298","14995","25121","FutOnly"
"2023","FinFutYY.txt","NASDAQ MINI - CHICAGO MERCANTILE EXCHANGE","2023-06-13","209742","322087","59597","103639","FutOnly"
"2023","FinFutYY.txt","DJIA x $5 - CHICAGO BOARD OF TRADE","2023-06-20","124603","87911","17740","21577","FutOnly"
"2023","FinFutYY.txt","NASDAQ MINI - CHICAGO MERCANTILE EXCHANGE","2023-06-20","209742","247591","53997","71384","FutOnly"
"2023","FinFutYY.txt","DJIA x $5 - CHICAGO BOARD OF TRADE","2023-06-27","124603","92561","17245","19638","FutOnly"
"2023","FinFutYY.txt","NASDAQ MINI - CHICAGO MERCANTILE EXCHANGE","2023-06-27","209742","256666","51929","77563","FutOnly"
"2023","FinFutYY.txt","DJIA x $5 - CHICAGO BOARD OF TRADE","2023-07-03","124603","95161","19959","20396","FutOnly"
"2023","FinFutYY.txt","NASDAQ MINI - CHICAGO MERCANTILE EXCHANGE","2023-07-03","209742","248698","46809","80314","FutOnly"
"2023","FinFutYY.txt","DJIA x $5 - CHICAGO BOARD OF TRADE","2023-07-11","124603","97782","17954","21543","FutOnly"
"2023","FinFutYY.txt","NASDAQ MINI - CHICAGO MERCANTILE EXCHANGE","2023-07-11","209742","259491","48690","85525","FutOnly"
"2023","FinFutYY.txt","DJIA x $5 - CHICAGO BOARD OF TRADE","2023-07-18","124603","102267","20083","26893","FutOnly"
"2023","FinFutYY.txt","NASDAQ MINI - CHICAGO MERCANTILE EXCHANGE","2023-07-18","209742","264119","52174","84284","FutOnly"
"2023","FinFutYY.txt","DJIA x $5 - CHICAGO BOARD OF TRADE","2023-07-25","124603","111965","30054","30674","FutOnly"
"2023","FinFutYY.txt","NASDAQ MINI - CHICAGO MERCANTILE EXCHANGE","2023-07-25","209742","260623","44967","85132","FutOnly"
"2023","FinFutYY.txt","DJIA x $5 - CHICAGO BOARD OF TRADE","2023-08-01","124603","113039","33495","29379","FutOnly"
"2023","FinFutYY.txt","NASDAQ MINI - CHICAGO MERCANTILE EXCHANGE","2023-08-01","209742","262908","44192","98062","FutOnly"
"2023","FinFutYY.txt","DJIA x $5 - CHICAGO BOARD OF TRADE","2023-08-08","124603","106566","30026","18579","FutOnly"
"2023","FinFutYY.txt","NASDAQ MINI - CHICAGO MERCANTILE EXCHANGE","2023-08-08","209742","267797","44518","101156","FutOnly"
"2023","FinFutYY.txt","DJIA x $5 - CHICAGO BOARD OF TRADE","2023-08-15","124603","104216","17901","18247","FutOnly"
"2023","FinFutYY.txt","NASDAQ MINI - CHICAGO MERCANTILE EXCHANGE","2023-08-15","209742","267495","45788","81138","FutOnly"
"2023","FinFutYY.txt","DJIA x $5 - CHICAGO BOARD OF TRADE","2023-08-22","124603","97208","11204","21641","FutOnly"
"2023","FinFutYY.txt","NASDAQ MINI - CHICAGO MERCANTILE EXCHANGE","2023-08-22","209742","263420","46240","74750","FutOnly"
"2023","FinFutYY.txt","DJIA x $5 - CHICAGO BOARD OF TRADE","2023-08-29","124603","96960","11717","24544","FutOnly"
"2023","FinFutYY.txt","NASDAQ MINI - CHICAGO MERCANTILE EXCHANGE","2023-08-29","209742","265968","50504","77544","FutOnly"
"2023","FinFutYY.txt","DJIA x $5 - CHICAGO BOARD OF TRADE","2023-09-05","124603","93933","8272","23487","FutOnly"
"2023","FinFutYY.txt","NASDAQ MINI - CHICAGO MERCANTILE EXCHANGE","2023-09-05","209742","274701","55291","82511","FutOnly"
"2023","FinFutYY.txt","DJIA x $5 - CHICAGO BOARD OF TRADE","2023-09-12","124603","102910","9981","24318","FutOnly"
"2023","FinFutYY.txt","NASDAQ MINI - CHICAGO MERCANTILE EXCHANGE","2023-09-12","209742","303321","48275","77439","FutOnly"
"2023","FinFutYY.txt","DJIA x $5 - CHICAGO BOARD OF TRADE","2023-09-19","124603","86992","10362","14737","FutOnly"
"2023","FinFutYY.txt","NASDAQ MINI - CHICAGO MERCANTILE EXCHANGE","2023-09-19","209742","236252","45970","65430","FutOnly"
"2023","FinFutYY.txt","DJIA x $5 - CHICAGO BOARD OF TRADE","2023-09-26","124603","92551","13959","22281","FutOnly"
"2023","FinFutYY.txt","NASDAQ MINI - CHICAGO MERCANTILE EXCHANGE","2023-09-26","209742","241018","41194","69386","FutOnly"
"2023","FinFutYY.txt","DJIA x $5 - CHICAGO BOARD OF TRADE","2023-10-03","124603","100823","16738","34063","FutOnly"
"2023","FinFutYY.txt","NASDAQ MINI - CHICAGO MERCANTILE EXCHANGE","2023-10-03","209742","254924","45271","65202","FutOnly"
"2023","FinFutYY.txt","DJIA x $5 - CHICAGO BOARD OF TRADE","2023-10-10","124603","94607","8731","34058","FutOnly"
"2023","FinFutYY.txt","NASDAQ MINI - CHICAGO MERCANTILE EXCHANGE","2023-10-10","209742","256528","42670","60851","FutOnly"
"2023","FinFutYY.txt","DJIA x $5 - CHICAGO BOARD OF TRADE","2023-10-17","124603","96554","9806","32436","FutOnly"
"2023","FinFutYY.txt","NASDAQ MINI - CHICAGO MERCANTILE EXCHANGE","2023-10-17","209742","256786","45427","59306","FutOnly"
"2023","FinFutYY.txt","DJIA x $5 - CHICAGO BOARD OF TRADE","2023-10-24","124603","104581","10928","35405","FutOnly"
"2023","FinFutYY.txt","NASDAQ MINI - CHICAGO MERCANTILE EXCHANGE","2023-10-24","209742","253055","47805","61689","FutOnly"
"2023","FinFutYY.txt","DJIA x $5 - CHICAGO BOARD OF TRADE","2023-10-31","124603","103936","11385","31843","FutOnly"
"2023","FinFutYY.txt","NASDAQ MINI - CHICAGO MERCANTILE EXCHANGE","2023-10-31","209742","259306","50596","59168","FutOnly"
"2023","FinFutYY.txt","DJIA x $5 - CHICAGO BOARD OF TRADE","2023-11-07","124603","103306","13137","32986","FutOnly"
"2023","FinFutYY.txt","NASDAQ MINI - CHICAGO MERCANTILE EXCHANGE","2023-11-07","209742","268597","61816","51674","FutOnly"
"2023","FinFutYY.txt","DJIA x $5 - CHICAGO BOARD OF TRADE","2023-11-14","124603","101030","9805","29022","FutOnly"
"2023","FinFutYY.txt","NASDAQ MINI - CHICAGO MERCANTILE EXCHANGE","2023-11-14","209742","273787","46141","51049","FutOnly"
"2023","FinFutYY.txt","DJIA x $5 - CHICAGO BOARD OF TRADE","2023-11-21","124603","94498","8096","24387","FutOnly"
"2023","FinFutYY.txt","NASDAQ MINI - CHICAGO MERCANTILE EXCHANGE","2023-11-21","209742","284312","43581","52647","FutOnly"
"2023","FinFutYY.txt","DJIA x $5 - CHICAGO BOARD OF TRADE","2023-11-28","124603","98357","11544","24209","FutOnly"
"2023","FinFutYY.txt","NASDAQ MINI - CHICAGO MERCANTILE EXCHANGE","2023-11-28","209742","293315","46913","49046","FutOnly"
"2023","FinFutYY.txt","DJIA x $5 - CHICAGO BOARD OF TRADE","2023-12-05","124603","94870","19676","29113","FutOnly"
"2023","FinFutYY.txt","NASDAQ MINI - CHICAGO MERCANTILE EXCHANGE","2023-12-05","209742","277746","46370","72326","FutOnly"
"2023","FinFutYY.txt","DJIA x $5 - CHICAGO BOARD OF TRADE","2023-12-12","124603","112076","17818","24271","FutOnly"
"2023","FinFutYY.txt","NASDAQ MINI - CHICAGO MERCANTILE EXCHANGE","2023-12-12","209742","337236","54937","95751","FutOnly"
"2023","FinFutYY.txt","DJIA x $5 - CHICAGO BOARD OF TRADE","2023-12-19","124603","100329","22929","16882","FutOnly"
"2023","FinFutYY.txt","NASDAQ MINI - CHICAGO MERCANTILE EXCHANGE","2023-12-19","209742","276654","44763","89538","FutOnly"
"2023","FinFutYY.txt","DJIA x $5 - CHICAGO BOARD OF TRADE","2023-12-26","124603","98501","21798","16666","FutOnly"
"2023","FinFutYY.txt","NASDAQ MINI - CHICAGO MERCANTILE EXCHANGE","2023-12-26","209742","278055","48289","92731","FutOnly"
"2024","FinFutYY.txt","DJIA x $5 - CHICAGO BOARD OF TRADE","2024-01-02","124603","103364","27952","14898","FutOnly"
"2024","FinFutYY.txt","NASDAQ MINI - CHICAGO MERCANTILE EXCHANGE","2024-01-02","209742","272832","46998","81924","FutOnly"
"2024","FinFutYY.txt","DJIA x $5 - CHICAGO BOARD OF TRADE","2024-01-09","124603","103318","30652","13501","FutOnly"
"2024","FinFutYY.txt","NASDAQ MINI - CHICAGO MERCANTILE EXCHANGE","2024-01-09","209742","277732","51636","87809","FutOnly"
"2024","FinFutYY.txt","DJIA x $5 - CHICAGO BOARD OF TRADE","2024-01-16","124603","98165","29107","12039","FutOnly"
"2024","FinFutYY.txt","NASDAQ MINI - CHICAGO MERCANTILE EXCHANGE","2024-01-16","209742","273460","55243","89270","FutOnly"
"2024","FinFutYY.txt","DJIA x $5 - CHICAGO BOARD OF TRADE","2024-01-23","124603","99697","28783","14871","FutOnly"
"2024","FinFutYY.txt","NASDAQ MINI - CHICAGO MERCANTILE EXCHANGE","2024-01-23","209742","289392","57307","93684","FutOnly"
"2024","FinFutYY.txt","DJIA x $5 - CHICAGO BOARD OF TRADE","2024-01-30","124603","107896","31578","16138","FutOnly"
"2024","FinFutYY.txt","NASDAQ MINI - CHICAGO MERCANTILE EXCHANGE","2024-01-30","209742","294510","60992","87647","FutOnly"
"2024","FinFutYY.txt","DJIA x $5 - CHICAGO BOARD OF TRADE","2024-02-06","124603","104421","26560","15910","FutOnly"
"2024","FinFutYY.txt","NASDAQ MINI - CHICAGO MERCANTILE EXCHANGE","2024-02-06","209742","285062","56079","89201","FutOnly"
"2024","FinFutYY.txt","DJIA x $5 - CHICAGO BOARD OF TRADE","2024-02-13","124603","103437","24984","13618","FutOnly"
"2024","FinFutYY.txt","NASDAQ MINI - CHICAGO MERCANTILE EXCHANGE","2024-02-13","209742","295946","61123","98093","FutOnly"
"2024","FinFutYY.txt","DJIA x $5 - CHICAGO BOARD OF TRADE","2024-02-20","124603","102374","25430","16778","FutOnly"
"2024","FinFutYY.txt","NASDAQ MINI - CHICAGO MERCANTILE EXCHANGE","2024-02-20","209742","287130","58626","93252","FutOnly"
"2024","FinFutYY.txt","DJIA x $5 - CHICAGO BOARD OF TRADE","2024-02-27","124603","104051","25420","16042","FutOnly"
"2024","FinFutYY.txt","NASDAQ MINI - CHICAGO MERCANTILE EXCHANGE","2024-02-27","209742","288075","58410","106124","FutOnly"
"2024","FinFutYY.txt","DJIA x $5 - CHICAGO BOARD OF TRADE","2024-03-05","124603","99156","22614","15965","FutOnly"
"2024","FinFutYY.txt","NASDAQ MINI - CHICAGO MERCANTILE EXCHANGE","2024-03-05","209742","289047","53263","109546","FutOnly"
"2024","FinFutYY.txt","DJIA x $5 - CHICAGO BOARD OF TRADE","2024-03-12","124603","112366","21513","19780","FutOnly"
"2024","FinFutYY.txt","NASDAQ MINI - CHICAGO MERCANTILE EXCHANGE","2024-03-12","209742","331912","57635","122592","FutOnly"
"2024","FinFutYY.txt","DJIA x $5 - CHICAGO BOARD OF TRADE","2024-03-19","124603","93851","30072","16897","FutOnly"
"2024","FinFutYY.txt","NASDAQ MINI - CHICAGO MERCANTILE EXCHANGE","2024-03-19","209742","250194","54889","91538","FutOnly"
"2024","FinFutYY.txt","DJIA x $5 - CHICAGO BOARD OF TRADE","2024-03-26","124603","92741","28340","12856","FutOnly"
"2024","FinFutYY.txt","NASDAQ MINI - CHICAGO MERCANTILE EXCHANGE","2024-03-26","209742","254474","53764","100006","FutOnly"
"2024","FinFutYY.txt","DJIA x $5 - CHICAGO BOARD OF TRADE","2024-04-02","124603","93520","28629","12682","FutOnly"
"2024","FinFutYY.txt","NASDAQ MINI - CHICAGO MERCANTILE EXCHANGE","2024-04-02","209742","259439","53391","96408","FutOnly"
"2024","FinFutYY.txt","DJIA x $5 - CHICAGO BOARD OF TRADE","2024-04-09","124603","92484","27629","7274","FutOnly"
"2024","FinFutYY.txt","NASDAQ MINI - CHICAGO MERCANTILE EXCHANGE","2024-04-09","209742","260430","50437","92245","FutOnly"
"2024","FinFutYY.txt","DJIA x $5 - CHICAGO BOARD OF TRADE","2024-04-16","124603","93614","24211","6804","FutOnly"
"2024","FinFutYY.txt","NASDAQ MINI - CHICAGO MERCANTILE EXCHANGE","2024-04-16","209742","255698","47751","96158","FutOnly"
"2024","FinFutYY.txt","DJIA x $5 - CHICAGO BOARD OF TRADE","2024-04-23","124603","90835","19330","8742","FutOnly"
"2024","FinFutYY.txt","NASDAQ MINI - CHICAGO MERCANTILE EXCHANGE","2024-04-23","209742","256222","48332","92589","FutOnly"
"2024","FinFutYY.txt","DJIA x $5 - CHICAGO BOARD OF TRADE","2024-04-30","124603","89960","18870","9862","FutOnly"
"2024","FinFutYY.txt","NASDAQ MINI - CHICAGO MERCANTILE EXCHANGE","2024-04-30","209742","253154","45119","96418","FutOnly"
"2024","FinFutYY.txt","DJIA x $5 - CHICAGO BOARD OF TRADE","2024-05-07","124603","92752","17456","9661","FutOnly"
"2024","FinFutYY.txt","NASDAQ MINI - CHICAGO MERCANTILE EXCHANGE","2024-05-07","209742","235162","42643","90577","FutOnly"
"2024","FinFutYY.txt","DJIA x $5 - CHICAGO BOARD OF TRADE","2024-05-14","124603","99207","23760","12670","FutOnly"
"2024","FinFutYY.txt","NASDAQ MINI - CHICAGO MERCANTILE EXCHANGE","2024-05-14","209742","248611","43840","98807","FutOnly"
"2024","FinFutYY.txt","DJIA x $5 - CHICAGO BOARD OF TRADE","2024-05-21","124603","101346","26503","14170","FutOnly"
"2024","FinFutYY.txt","NASDAQ MINI - CHICAGO MERCANTILE EXCHANGE","2024-05-21","209742","249754","42742","82648","FutOnly"
"2024","FinFutYY.txt","DJIA x $5 - CHICAGO BOARD OF TRADE","2024-05-28","124603","97243","19250","10448","FutOnly"
"2024","FinFutYY.txt","NASDAQ MINI - CHICAGO MERCANTILE EXCHANGE","2024-05-28","209742","254317","40340","85768","FutOnly"
"2024","FinFutYY.txt","DJIA x $5 - CHICAGO BOARD OF TRADE","2024-06-04","124603","100634","20830","16078","FutOnly"
"2024","FinFutYY.txt","NASDAQ MINI - CHICAGO MERCANTILE EXCHANGE","2024-06-04","209742","246536","35214","72013","FutOnly"
"2024","FinFutYY.txt","DJIA x $5 - CHICAGO BOARD OF TRADE","2024-06-11","124603","105519","25531","17345","FutOnly"
"2024","FinFutYY.txt","NASDAQ MINI - CHICAGO MERCANTILE EXCHANGE","2024-06-11","209742","258002","36718","83929","FutOnly"
"2024","FinFutYY.txt","DJIA x $5 - CHICAGO BOARD OF TRADE","2024-06-18","124603","114233","14134","20346","FutOnly"
"2024","FinFutYY.txt","NASDAQ MINI - CHICAGO MERCANTILE EXCHANGE","2024-06-18","209742","334035","42251","99864","FutOnly"
"2024","FinFutYY.txt","DJIA x $5 - CHICAGO BOARD OF TRADE","2024-06-25","124603","84823","15135","16763","FutOnly"
"2024","FinFutYY.txt","NASDAQ MINI - CHICAGO MERCANTILE EXCHANGE","2024-06-25","209742","246417","41822","82230","FutOnly"
"2024","FinFutYY.txt","DJIA x $5 - CHICAGO BOARD OF TRADE","2024-07-02","124603","82128","15441","12431","FutOnly"
"2024","FinFutYY.txt","NASDAQ MINI - CHICAGO MERCANTILE EXCHANGE","2024-07-02","209742","258776","45611","89413","FutOnly"
"2024","FinFutYY.txt","DJIA x $5 - CHICAGO BOARD OF TRADE","2024-07-09","124603","88307","17582","13438","FutOnly"
"2024","FinFutYY.txt","NASDAQ MINI - CHICAGO MERCANTILE EXCHANGE","2024-07-09","209742","264298","41381","89388","FutOnly"
"2024","FinFutYY.txt","DJIA x $5 - CHICAGO BOARD OF TRADE","2024-07-16","124603","99652","24765","18557","FutOnly"
"2024","FinFutYY.txt","NASDAQ MINI - CHICAGO MERCANTILE EXCHANGE","2024-07-16","209742","256571","39874","82573","FutOnly"
"2024","FinFutYY.txt","DJIA x $5 - CHICAGO BOARD OF TRADE","2024-07-23","124603","91047","19939","20009","FutOnly"
"2024","FinFutYY.txt","NASDAQ MINI - CHICAGO MERCANTILE EXCHANGE","2024-07-23","209742","243913","39105","71478","FutOnly"
"2024","FinFutYY.txt","DJIA x $5 - CHICAGO BOARD OF TRADE","2024-07-30","124603","92185","21238","21794","FutOnly"
"2024","FinFutYY.txt","NASDAQ MINI - CHICAGO MERCANTILE EXCHANGE","2024-07-30","209742","256592","38411","69285","FutOnly"
"2024","FinFutYY.txt","DJIA x $5 - CHICAGO BOARD OF TRADE","2024-08-06","124603","84440","19357","18936","FutOnly"
"2024","FinFutYY.txt","NASDAQ MINI - CHICAGO MERCANTILE EXCHANGE","2024-08-06","209742","249366","35061","69129","FutOnly"
"2024","FinFutYY.txt","DJIA x $5 - CHICAGO BOARD OF TRADE","2024-08-13","124603","81881","16556","14807","FutOnly"
"2024","FinFutYY.txt","NASDAQ MINI - CHICAGO MERCANTILE EXCHANGE","2024-08-13","209742","244061","27952","73278","FutOnly"
"2024","FinFutYY.txt","DJIA x $5 - CHICAGO BOARD OF TRADE","2024-08-20","124603","87145","18797","14473","FutOnly"
"2024","FinFutYY.txt","NASDAQ MINI - CHICAGO MERCANTILE EXCHANGE","2024-08-20","209742","244230","27735","83485","FutOnly"
"2024","FinFutYY.txt","DJIA x $5 - CHICAGO BOARD OF TRADE","2024-08-27","124603","89659","17832","13940","FutOnly"
"2024","FinFutYY.txt","NASDAQ MINI - CHICAGO MERCANTILE EXCHANGE","2024-08-27","209742","244523","27872","75488","FutOnly"
"2024","FinFutYY.txt","DJIA x $5 - CHICAGO BOARD OF TRADE","2024-09-03","124603","85167","16586","11962","FutOnly"
"2024","FinFutYY.txt","NASDAQ MINI - CHICAGO MERCANTILE EXCHANGE","2024-09-03","209742","254089","26818","74640","FutOnly"
"2024","FinFutYY.txt","DJIA x $5 - CHICAGO BOARD OF TRADE","2024-09-10","124603","85971","17249","13121","FutOnly"
"2024","FinFutYY.txt","NASDAQ MINI - CHICAGO MERCANTILE EXCHANGE","2024-09-10","209742","259424","34157","69636","FutOnly"
"2024","FinFutYY.txt","DJIA x $5 - CHICAGO BOARD OF TRADE","2024-09-17","124603","98131","22254","11319","FutOnly"
"2024","FinFutYY.txt","NASDAQ MINI - CHICAGO MERCANTILE EXCHANGE","2024-09-17","209742","267450","24118","78630","FutOnly"
"2024","FinFutYY.txt","DJIA x $5 - CHICAGO BOARD OF TRADE","2024-09-24","124603","87645","20321","12484","FutOnly"
"2024","FinFutYY.txt","NASDAQ MINI - CHICAGO MERCANTILE EXCHANGE","2024-09-24","209742","227746","26508","72809","FutOnly"
"2024","FinFutYY.txt","DJIA x $5 - CHICAGO BOARD OF TRADE","2024-10-01","124603","89570","23320","12014","FutOnly"
"2024","FinFutYY.txt","NASDAQ MINI - CHICAGO MERCANTILE EXCHANGE","2024-10-01","209742","234108","23798","74932","FutOnly"
"2024","FinFutYY.txt","DJIA x $5 - CHICAGO BOARD OF TRADE","2024-10-08","124603","84731","20586","10172","FutOnly"
"2024","FinFutYY.txt","NASDAQ MINI - CHICAGO MERCANTILE EXCHANGE","2024-10-08","209742","250139","31188","85147","FutOnly"
"2024","FinFutYY.txt","DJIA x $5 - CHICAGO BOARD OF TRADE","2024-10-15","124603","89377","19661","12680","FutOnly"
"2024","FinFutYY.txt","NASDAQ MINI - CHICAGO MERCANTILE EXCHANGE","2024-10-15","209742","241191","28919","83858","FutOnly"
"2024","FinFutYY.txt","DJIA x $5 - CHICAGO BOARD OF TRADE","2024-10-22","124603","91035","17180","13663","FutOnly"
"2024","FinFutYY.txt","NASDAQ MINI - CHICAGO MERCANTILE EXCHANGE","2024-10-22","209742","245897","30615","78317","FutOnly"
"2024","FinFutYY.txt","DJIA x $5 - CHICAGO BOARD OF TRADE","2024-10-29","124603","89974","16131","13916","FutOnly"
"2024","FinFutYY.txt","NASDAQ MINI - CHICAGO MERCANTILE EXCHANGE","2024-10-29","209742","257382","41465","83795","FutOnly"
"2024","FinFutYY.txt","DJIA x $5 - CHICAGO BOARD OF TRADE","2024-11-05","124603","86343","17330","15200","FutOnly"
"2024","FinFutYY.txt","NASDAQ MINI - CHICAGO MERCANTILE EXCHANGE","2024-11-05","209742","252753","36844","75555","FutOnly"
"2024","FinFutYY.txt","DJIA x $5 - CHICAGO BOARD OF TRADE","2024-11-12","124603","88312","16807","14757","FutOnly"
"2024","FinFutYY.txt","NASDAQ MINI - CHICAGO MERCANTILE EXCHANGE","2024-11-12","209742","277197","39192","87654","FutOnly"
"2024","FinFutYY.txt","DJIA x $5 - CHICAGO BOARD OF TRADE","2024-11-19","124603","84631","14540","14869","FutOnly"
"2024","FinFutYY.txt","NASDAQ MINI - CHICAGO MERCANTILE EXCHANGE","2024-11-19","209742","275071","36369","75604","FutOnly"
"2024","FinFutYY.txt","DJIA x $5 - CHICAGO BOARD OF TRADE","2024-11-26","124603","86688","17844","20019","FutOnly"
"2024","FinFutYY.txt","NASDAQ MINI - CHICAGO MERCANTILE EXCHANGE","2024-11-26","209742","275658","37393","82327","FutOnly"
"2024","FinFutYY.txt","DJIA x $5 - CHICAGO BOARD OF TRADE","2024-12-03","124603","92337","16479","21878","FutOnly"
"2024","FinFutYY.txt","NASDAQ MINI - CHICAGO MERCANTILE EXCHANGE","2024-12-03","209742","293572","45128","95752","FutOnly"
"2024","FinFutYY.txt","DJIA x $5 - CHICAGO BOARD OF TRADE","2024-12-10","124603","89712","14599","21483","FutOnly"
"2024","FinFutYY.txt","NASDAQ MINI - CHICAGO MERCANTILE EXCHANGE","2024-12-10","209742","291787","45619","92847","FutOnly"
"2024","FinFutYY.txt","DJIA x $5 - CHICAGO BOARD OF TRADE","2024-12-17","124603","105423","18070","22879","FutOnly"
"2024","FinFutYY.txt","NASDAQ MINI - CHICAGO MERCANTILE EXCHANGE","2024-12-17","209742","324728","46081","100499","FutOnly"
"2024","FinFutYY.txt","DJIA x $5 - CHICAGO BOARD OF TRADE","2024-12-24","124603","82150","15491","13234","FutOnly"
"2024","FinFutYY.txt","NASDAQ MINI - CHICAGO MERCANTILE EXCHANGE","2024-12-24","209742","246014","35424","79764","FutOnly"
"2024","FinFutYY.txt","DJIA x $5 - CHICAGO BOARD OF TRADE","2024-12-31","124603","83957","16481","10677","FutOnly"
"2024","FinFutYY.txt","NASDAQ MINI - CHICAGO MERCANTILE EXCHANGE","2024-12-31","209742","252471","40614","72668","FutOnly"
"2025","FinFutYY.txt","DJIA x $5 - CHICAGO BOARD OF TRADE","2025-01-07","124603","85367","17504","11695","FutOnly"
"2025","FinFutYY.txt","NASDAQ MINI - CHICAGO MERCANTILE EXCHANGE","2025-01-07","209742","241165","37329","76409","FutOnly"
"2025","FinFutYY.txt","DJIA x $5 - CHICAGO BOARD OF TRADE","2025-01-14","124603","81768","17591","10051","FutOnly"
"2025","FinFutYY.txt","NASDAQ MINI - CHICAGO MERCANTILE EXCHANGE","2025-01-14","209742","253879","44226","81635","FutOnly"
"2025","FinFutYY.txt","DJIA x $5 - CHICAGO BOARD OF TRADE","2025-01-21","124603","81691","15674","9958","FutOnly"
"2025","FinFutYY.txt","NASDAQ MINI - CHICAGO MERCANTILE EXCHANGE","2025-01-21","209742","254361","40151","80303","FutOnly"
"2025","FinFutYY.txt","DJIA x $5 - CHICAGO BOARD OF TRADE","2025-01-28","124603","84167","15370","11483","FutOnly"
"2025","FinFutYY.txt","NASDAQ MINI - CHICAGO MERCANTILE EXCHANGE","2025-01-28","209742","267882","44031","93956","FutOnly"
"2025","FinFutYY.txt","DJIA x $5 - CHICAGO BOARD OF TRADE","2025-02-04","124603","82475","13128","10132","FutOnly"
"2025","FinFutYY.txt","NASDAQ MINI - CHICAGO MERCANTILE EXCHANGE","2025-02-04","209742","259061","42084","90836","FutOnly"
"2025","FinFutYY.txt","DJIA x $5 - CHICAGO BOARD OF TRADE","2025-02-11","124603","81382","13027","10161","FutOnly"
"2025","FinFutYY.txt","NASDAQ MINI - CHICAGO MERCANTILE EXCHANGE","2025-02-11","209742","263509","39736","92040","FutOnly"
"2025","FinFutYY.txt","DJIA x $5 - CHICAGO BOARD OF TRADE","2025-02-18","124603","80427","12745","14080","FutOnly"
"2025","FinFutYY.txt","NASDAQ MINI - CHICAGO MERCANTILE EXCHANGE","2025-02-18","209742","289760","40127","108348","FutOnly"
"2025","FinFutYY.txt","DJIA x $5 - CHICAGO BOARD OF TRADE","2025-02-25","124603","79313","14165","13914","FutOnly"
"2025","FinFutYY.txt","NASDAQ MINI - CHICAGO MERCANTILE EXCHANGE","2025-02-25","209742","286114","56135","84006","FutOnly"
"2025","FinFutYY.txt","DJIA x $5 - CHICAGO BOARD OF TRADE","2025-03-04","124603","75169","14768","13687","FutOnly"
"2025","FinFutYY.txt","NASDAQ MINI - CHICAGO MERCANTILE EXCHANGE","2025-03-04","209742","288147","66893","78548","FutOnly"
"2025","FinFutYY.txt","DJIA x $5 - CHICAGO BOARD OF TRADE","2025-03-11","124603","74843","16921","9803","FutOnly"
"2025","FinFutYY.txt","NASDAQ MINI - CHICAGO MERCANTILE EXCHANGE","2025-03-11","209742","303084","79012","74346","FutOnly"
"2025","FinFutYY.txt","DJIA x $5 - CHICAGO BOARD OF TRADE","2025-03-18","124603","91941","17264","7857","FutOnly"
"2025","FinFutYY.txt","NASDAQ MINI - CHICAGO MERCANTILE EXCHANGE","2025-03-18","209742","301517","67212","66155","FutOnly"
"2025","FinFutYY.txt","DJIA x $5 - CHICAGO BOARD OF TRADE","2025-03-25","124603","74443","7699","9365","FutOnly"
"2025","FinFutYY.txt","NASDAQ MINI - CHICAGO MERCANTILE EXCHANGE","2025-03-25","209742","224189","30225","66115","FutOnly"
"2025","FinFutYY.txt","DJIA x $5 - CHICAGO BOARD OF TRADE","2025-04-01","124603","74497","8150","8069","FutOnly"
"2025","FinFutYY.txt","NASDAQ MINI - CHICAGO MERCANTILE EXCHANGE","2025-04-01","209742","247658","48832","79374","FutOnly"
"2025","FinFutYY.txt","DJIA x $5 - CHICAGO BOARD OF TRADE","2025-04-08","124603","73838","11628","9125","FutOnly"
"2025","FinFutYY.txt","NASDAQ MINI - CHICAGO MERCANTILE EXCHANGE","2025-04-08","209742","254563","67920","62300","FutOnly"
"2025","FinFutYY.txt","DJIA x $5 - CHICAGO BOARD OF TRADE","2025-04-15","124603","73931","9330","11195","FutOnly"
"2025","FinFutYY.txt","NASDAQ MINI - CHICAGO MERCANTILE EXCHANGE","2025-04-15","209742","235406","50242","63635","FutOnly"
"2025","FinFutYY.txt","DJIA x $5 - CHICAGO BOARD OF TRADE","2025-04-22","124603","78992","9112","9073","FutOnly"
"2025","FinFutYY.txt","NASDAQ MINI - CHICAGO MERCANTILE EXCHANGE","2025-04-22","209742","242084","55399","55727","FutOnly"
"2025","FinFutYY.txt","DJIA x $5 - CHICAGO BOARD OF TRADE","2025-04-29","124603","78341","9596","10534","FutOnly"
"2025","FinFutYY.txt","NASDAQ MINI - CHICAGO MERCANTILE EXCHANGE","2025-04-29","209742","246874","51301","77657","FutOnly"
"2025","FinFutYY.txt","DJIA x $5 - CHICAGO BOARD OF TRADE","2025-05-06","124603","76175","8493","11464","FutOnly"
"2025","FinFutYY.txt","NASDAQ MINI - CHICAGO MERCANTILE EXCHANGE","2025-05-06","209742","258249","58695","95365","FutOnly"
"2025","FinFutYY.txt","DJIA x $5 - CHICAGO BOARD OF TRADE","2025-05-13","124603","77515","9162","13530","FutOnly"
"2025","FinFutYY.txt","NASDAQ MINI - CHICAGO MERCANTILE EXCHANGE","2025-05-13","209742","283667","63527","117514","FutOnly"
"2025","FinFutYY.txt","DJIA x $5 - CHICAGO BOARD OF TRADE","2025-05-20","124603","78995","10816","15267","FutOnly"
"2025","FinFutYY.txt","NASDAQ MINI - CHICAGO MERCANTILE EXCHANGE","2025-05-20","209742","279368","59596","112289","FutOnly"
"2025","FinFutYY.txt","DJIA x $5 - CHICAGO BOARD OF TRADE","2025-05-27","124603","80388","12793","14035","FutOnly"
"2025","FinFutYY.txt","NASDAQ MINI - CHICAGO MERCANTILE EXCHANGE","2025-05-27","209742","275143","59208","106976","FutOnly"
"2025","FinFutYY.txt","DJIA x $5 - CHICAGO BOARD OF TRADE","2025-06-03","124603","82788","14833","13177","FutOnly"
"2025","FinFutYY.txt","NASDAQ MINI - CHICAGO MERCANTILE EXCHANGE","2025-06-03","209742","277034","55854","106034","FutOnly"
"2025","FinFutYY.txt","DJIA x $5 - CHICAGO BOARD OF TRADE","2025-06-10","124603","85743","15344","14516","FutOnly"
"2025","FinFutYY.txt","NASDAQ MINI - CHICAGO MERCANTILE EXCHANGE","2025-06-10","209742","276888","57702","98617","FutOnly"
"2025","FinFutYY.txt","DJIA x $5 - CHICAGO BOARD OF TRADE","2025-06-17","124603","100802","15946","13330","FutOnly"
"2025","FinFutYY.txt","NASDAQ MINI - CHICAGO MERCANTILE EXCHANGE","2025-06-17","209742","311779","55516","100288","FutOnly"
"2025","FinFutYY.txt","DJIA x $5 - CHICAGO BOARD OF TRADE","2025-06-24","124603","82269","10585","14147","FutOnly"
"2025","FinFutYY.txt","NASDAQ MINI - CHICAGO MERCANTILE EXCHANGE","2025-06-24","209742","253330","48555","80565","FutOnly"
"2025","FinFutYY.txt","DJIA x $5 - CHICAGO BOARD OF TRADE","2025-07-01","124603","86845","11312","13529","FutOnly"
"2025","FinFutYY.txt","NASDAQ MINI - CHICAGO MERCANTILE EXCHANGE","2025-07-01","209742","265393","58273","73957","FutOnly"
"2025","FinFutYY.txt","DJIA x $5 - CHICAGO BOARD OF TRADE","2025-07-08","124603","85138","10955","12824","FutOnly"
"2025","FinFutYY.txt","NASDAQ MINI - CHICAGO MERCANTILE EXCHANGE","2025-07-08","209742","270422","58579","69668","FutOnly"
"2025","FinFutYY.txt","DJIA x $5 - CHICAGO BOARD OF TRADE","2025-07-15","124603","83480","11194","10928","FutOnly"
"2025","FinFutYY.txt","NASDAQ MINI - CHICAGO MERCANTILE EXCHANGE","2025-07-15","209742","271661","54088","74562","FutOnly"
"2025","FinFutYY.txt","DJIA x $5 - CHICAGO BOARD OF TRADE","2025-07-22","124603","84378","12153","12112","FutOnly"
"2025","FinFutYY.txt","NASDAQ MINI - CHICAGO MERCANTILE EXCHANGE","2025-07-22","209742","270972","49469","73398","FutOnly"
"2025","FinFutYY.txt","DJIA x $5 - CHICAGO BOARD OF TRADE","2025-07-29","124603","86736","12055","14704","FutOnly"
"2025","FinFutYY.txt","NASDAQ MINI - CHICAGO MERCANTILE EXCHANGE","2025-07-29","209742","281762","61680","83165","FutOnly"
"2025","FinFutYY.txt","DJIA x $5 - CHICAGO BOARD OF TRADE","2025-08-05","124603","87993","11075","17378","FutOnly"
"2025","FinFutYY.txt","NASDAQ MINI - CHICAGO MERCANTILE EXCHANGE","2025-08-05","209742","277507","58687","73312","FutOnly"
"2025","FinFutYY.txt","DJIA x $5 - CHICAGO BOARD OF TRADE","2025-08-12","124603","87098","9967","17542","FutOnly"
"2025","FinFutYY.txt","NASDAQ MINI - CHICAGO MERCANTILE EXCHANGE","2025-08-12","209742","303576","70831","87121","FutOnly"
"2025","FinFutYY.txt","DJIA x $5 - CHICAGO BOARD OF TRADE","2025-08-19","124603","85223","9203","17737","FutOnly"
"2025","FinFutYY.txt","NASDAQ MINI - CHICAGO MERCANTILE EXCHANGE","2025-08-19","209742","289577","56969","75708","FutOnly"
"2025","FinFutYY.txt","DJIA x $5 - CHICAGO BOARD OF TRADE","2025-08-26","124603","84505","9048","16650","FutOnly"
"2025","FinFutYY.txt","NASDAQ MINI - CHICAGO MERCANTILE EXCHANGE","2025-08-26","209742","284355","61174","78075","FutOnly"
"2025","FinFutYY.txt","DJIA x $5 - CHICAGO BOARD OF TRADE","2025-09-02","124603","82004","6452","16007","FutOnly"
"2025","FinFutYY.txt","NASDAQ MINI - CHICAGO MERCANTILE EXCHANGE","2025-09-02","209742","282221","64181","82811","FutOnly"
"2025","FinFutYY.txt","DJIA x $5 - CHICAGO BOARD OF TRADE","2025-09-09","124603","87037","7149","21569","FutOnly"
"2025","FinFutYY.txt","NASDAQ MINI - CHICAGO MERCANTILE EXCHANGE","2025-09-09","209742","296970","70821","95846","FutOnly"
"2025","FinFutYY.txt","DJIA x $5 - CHICAGO BOARD OF TRADE","2025-09-16","124603","98350","6596","21782","FutOnly"
"2025","FinFutYY.txt","NASDAQ MINI - CHICAGO MERCANTILE EXCHANGE","2025-09-16","209742","351421","75090","99094","FutOnly"
"2025","FinFutYY.txt","DJIA x $5 - CHICAGO BOARD OF TRADE","2025-09-23","124603","78112","14233","20567","FutOnly"
"2025","FinFutYY.txt","NASDAQ MINI - CHICAGO MERCANTILE EXCHANGE","2025-09-23","209742","274695","50088","76172","FutOnly"
"2025","FinFutYY.txt","DJIA x $5 - CHICAGO BOARD OF TRADE","2025-09-30","124603","78830","8812","30861","FutOnly"
"2025","FinFutYY.txt","NASDAQ MINI - CHICAGO MERCANTILE EXCHANGE","2025-09-30","209742","278188","61911","63535","FutOnly"
"2025","FinFutYY.txt","DJIA x $5 - CHICAGO BOARD OF TRADE","2025-10-07","124603","82515","9067","32062","FutOnly"
"2025","FinFutYY.txt","NASDAQ MINI - CHICAGO MERCANTILE EXCHANGE","2025-10-07","209742","285401","59939","67153","FutOnly"
"2025","FinFutYY.txt","DJIA x $5 - CHICAGO BOARD OF TRADE","2025-10-14","124603","85017","9835","34215","FutOnly"
"2025","FinFutYY.txt","NASDAQ MINI - CHICAGO MERCANTILE EXCHANGE","2025-10-14","209742","278830","53450","58547","FutOnly"
"2025","FinFutYY.txt","DJIA x $5 - CHICAGO BOARD OF TRADE","2025-10-21","124603","90396","13753","34631","FutOnly"
"2025","FinFutYY.txt","NASDAQ MINI - CHICAGO MERCANTILE EXCHANGE","2025-10-21","209742","289838","61437","59393","FutOnly"
"2025","FinFutYY.txt","DJIA x $5 - CHICAGO BOARD OF TRADE","2025-10-28","124603","90629","10765","33499","FutOnly"
"2025","FinFutYY.txt","NASDAQ MINI - CHICAGO MERCANTILE EXCHANGE","2025-10-28","209742","299186","68182","57008","FutOnly"
"2025","FinFutYY.txt","DJIA x $5 - CHICAGO BOARD OF TRADE","2025-11-04","124603","86448","10046","30579","FutOnly"
"2025","FinFutYY.txt","NASDAQ MINI - CHICAGO MERCANTILE EXCHANGE","2025-11-04","209742","292709","62702","53572","FutOnly"
"2025","FinFutYY.txt","DJIA x $5 - CHICAGO BOARD OF TRADE","2025-11-10","124603","81781","7169","32069","FutOnly"
"2025","FinFutYY.txt","NASDAQ MINI - CHICAGO MERCANTILE EXCHANGE","2025-11-10","209742","296639","74313","56694","FutOnly"
"2025","FinFutYY.txt","DJIA x $5 - CHICAGO BOARD OF TRADE","2025-11-18","124603","82876","9574","31154","FutOnly"
"2025","FinFutYY.txt","NASDAQ MINI - CHICAGO MERCANTILE EXCHANGE","2025-11-18","209742","299587","73714","63331","FutOnly"
"2025","FinFutYY.txt","DJIA x $5 - CHICAGO BOARD OF TRADE","2025-11-25","124603","83199","6972","32399","FutOnly"
"2025","FinFutYY.txt","NASDAQ MINI - CHICAGO MERCANTILE EXCHANGE","2025-11-25","209742","296684","76011","66340","FutOnly"
"2025","FinFutYY.txt","DJIA x $5 - CHICAGO BOARD OF TRADE","2025-12-02","124603","82132","6832","30244","FutOnly"
"2025","FinFutYY.txt","NASDAQ MINI - CHICAGO MERCANTILE EXCHANGE","2025-12-02","209742","308211","78215","81255","FutOnly"
"2025","FinFutYY.txt","DJIA x $5 - CHICAGO BOARD OF TRADE","2025-12-09","124603","83015","8262","28541","FutOnly"
"2025","FinFutYY.txt","NASDAQ MINI - CHICAGO MERCANTILE EXCHANGE","2025-12-09","209742","325383","76097","97403","FutOnly"
"2025","FinFutYY.txt","DJIA x $5 - CHICAGO BOARD OF TRADE","2025-12-16","124603","90249","10014","28495","FutOnly"
"2025","FinFutYY.txt","NASDAQ MINI - CHICAGO MERCANTILE EXCHANGE","2025-12-16","209742","378693","83876","90850","FutOnly"
"2025","FinFutYY.txt","DJIA x $5 - CHICAGO BOARD OF TRADE","2025-12-23","124603","61462","8937","18439","FutOnly"
"2025","FinFutYY.txt","NASDAQ MINI - CHICAGO MERCANTILE EXCHANGE","2025-12-23","209742","265616","60357","75499","FutOnly"
"2025","FinFutYY.txt","DJIA x $5 - CHICAGO BOARD OF TRADE","2025-12-30","124603","61375","8667","19120","FutOnly"
"2025","FinFutYY.txt","NASDAQ MINI - CHICAGO MERCANTILE EXCHANGE","2025-12-30","209742","276539","59039","84713","FutOnly"
"2026","FinFutYY.txt","DJIA x $5 - CHICAGO BOARD OF TRADE","2026-01-06","124603","66021","10439","19733","FutOnly"
"2026","FinFutYY.txt","NASDAQ MINI - CHICAGO MERCANTILE EXCHANGE","2026-01-06","209742","274253","60236","78687","FutOnly"
"2026","FinFutYY.txt","DJIA x $5 - CHICAGO BOARD OF TRADE","2026-01-13","124603","68752","16270","24161","FutOnly"
"2026","FinFutYY.txt","NASDAQ MINI - CHICAGO MERCANTILE EXCHANGE","2026-01-13","209742","278878","58656","81404","FutOnly"
"2026","FinFutYY.txt","DJIA x $5 - CHICAGO BOARD OF TRADE","2026-01-20","124603","70237","17159","26342","FutOnly"
"2026","FinFutYY.txt","NASDAQ MINI - CHICAGO MERCANTILE EXCHANGE","2026-01-20","209742","267118","54022","81034","FutOnly"
"2026","FinFutYY.txt","DJIA x $5 - CHICAGO BOARD OF TRADE","2026-01-27","124603","70906","15307","29596","FutOnly"
"2026","FinFutYY.txt","NASDAQ MINI - CHICAGO MERCANTILE EXCHANGE","2026-01-27","209742","260759","54689","71527","FutOnly"
"2026","FinFutYY.txt","DJIA x $5 - CHICAGO BOARD OF TRADE","2026-02-03","124603","70011","16302","28201","FutOnly"
"2026","FinFutYY.txt","NASDAQ MINI - CHICAGO MERCANTILE EXCHANGE","2026-02-03","209742","268823","58197","69577","FutOnly"
"2026","FinFutYY.txt","DJIA x $5 - CHICAGO BOARD OF TRADE","2026-02-10","124603","72216","16224","27324","FutOnly"
"2026","FinFutYY.txt","NASDAQ MINI - CHICAGO MERCANTILE EXCHANGE","2026-02-10","209742","263282","56269","64870","FutOnly"
"2026","FinFutYY.txt","DJIA x $5 - CHICAGO BOARD OF TRADE","2026-02-17","124603","68377","15039","22791","FutOnly"
"2026","FinFutYY.txt","NASDAQ MINI - CHICAGO MERCANTILE EXCHANGE","2026-02-17","209742","272951","63852","73168","FutOnly"
"2026","FinFutYY.txt","DJIA x $5 - CHICAGO BOARD OF TRADE","2026-02-24","124603","69944","16536","21493","FutOnly"
"2026","FinFutYY.txt","NASDAQ MINI - CHICAGO MERCANTILE EXCHANGE","2026-02-24","209742","270599","56133","72687","FutOnly"
"2026","FinFutYY.txt","DJIA x $5 - CHICAGO BOARD OF TRADE","2026-03-03","124603","71894","19872","18885","FutOnly"
"2026","FinFutYY.txt","NASDAQ MINI - CHICAGO MERCANTILE EXCHANGE","2026-03-03","209742","273307","55905","77694","FutOnly"
"2026","FinFutYY.txt","DJIA x $5 - CHICAGO BOARD OF TRADE","2026-03-10","124603","71187","19620","17705","FutOnly"
"2026","FinFutYY.txt","NASDAQ MINI - CHICAGO MERCANTILE EXCHANGE","2026-03-10","209742","259842","53057","78224","FutOnly"
"2026","FinFutYY.txt","DJIA x $5 - CHICAGO BOARD OF TRADE","2026-03-17","124603","91467","20997","19684","FutOnly"
"2026","FinFutYY.txt","NASDAQ MINI - CHICAGO MERCANTILE EXCHANGE","2026-03-17","209742","300943","51381","82843","FutOnly"
"2026","FinFutYY.txt","DJIA x $5 - CHICAGO BOARD OF TRADE","2026-03-24","124603","67922","11214","14273","FutOnly"
"2026","FinFutYY.txt","NASDAQ MINI - CHICAGO MERCANTILE EXCHANGE","2026-03-24","209742","235906","47003","86382","FutOnly"
"2026","FinFutYY.txt","DJIA x $5 - CHICAGO BOARD OF TRADE","2026-03-31","124603","68213","8264","15910","FutOnly"
"2026","FinFutYY.txt","NASDAQ MINI - CHICAGO MERCANTILE EXCHANGE","2026-03-31","209742","245322","47382","84485","FutOnly"
"2026","FinFutYY.txt","DJIA x $5 - CHICAGO BOARD OF TRADE","2026-04-07","124603","68557","8684","16090","FutOnly"
"2026","FinFutYY.txt","NASDAQ MINI - CHICAGO MERCANTILE EXCHANGE","2026-04-07","209742","246794","47521","86349","FutOnly"
"2026","FinFutYY.txt","DJIA x $5 - CHICAGO BOARD OF TRADE","2026-04-14","124603","68873","6844","19018","FutOnly"
"2026","FinFutYY.txt","NASDAQ MINI - CHICAGO MERCANTILE EXCHANGE","2026-04-14","209742","260197","44471","94138","FutOnly"
"2026","FinFutYY.txt","DJIA x $5 - CHICAGO BOARD OF TRADE","2026-04-21","124603","71200","6063","16047","FutOnly"
"2026","FinFutYY.txt","NASDAQ MINI - CHICAGO MERCANTILE EXCHANGE","2026-04-21","209742","267620","43848","82848","FutOnly"
"2026","FinFutYY.txt","DJIA x $5 - CHICAGO BOARD OF TRADE","2026-04-28","124603","74874","7413","19672","FutOnly"
"2026","FinFutYY.txt","NASDAQ MINI - CHICAGO MERCANTILE EXCHANGE","2026-04-28","209742","275963","45417","81367","FutOnly"
"2026","FinFutYY.txt","DJIA x $5 - CHICAGO BOARD OF TRADE","2026-05-05","124603","78430","8819","23516","FutOnly"
"2026","FinFutYY.txt","NASDAQ MINI - CHICAGO MERCANTILE EXCHANGE","2026-05-05","209742","287657","51944","88044","FutOnly"
"2026","FinFutYY.txt","DJIA x $5 - CHICAGO BOARD OF TRADE","2026-05-12","124603","81940","9575","22204","FutOnly"
"2026","FinFutYY.txt","NASDAQ MINI - CHICAGO MERCANTILE EXCHANGE","2026-05-12","209742","287752","47277","99319","FutOnly"
"2026","FinFutYY.txt","DJIA x $5 - CHICAGO BOARD OF TRADE","2026-05-19","124603","82825","9324","20911","FutOnly"
"2026","FinFutYY.txt","NASDAQ MINI - CHICAGO MERCANTILE EXCHANGE","2026-05-19","209742","293186","55696","101067","FutOnly"
"2026","FinFutYY.txt","DJIA x $5 - CHICAGO BOARD OF TRADE","2026-05-26","124603","81105","7731","21540","FutOnly"
"2026","FinFutYY.txt","NASDAQ MINI - CHICAGO MERCANTILE EXCHANGE","2026-05-26","209742","302990","52861","104540","FutOnly"
"2026","FinFutYY.txt","DJIA x $5 - CHICAGO BOARD OF TRADE","2026-06-02","124603","81760","9601","21345","FutOnly"
"2026","FinFutYY.txt","NASDAQ MINI - CHICAGO MERCANTILE EXCHANGE","2026-06-02","209742","314972","57156","110806","FutOnly"
"2026","FinFutYY.txt","DJIA x $5 - CHICAGO BOARD OF TRADE","2026-06-09","124603","79613","11160","18806","FutOnly"
"2026","FinFutYY.txt","NASDAQ MINI - CHICAGO MERCANTILE EXCHANGE","2026-06-09","209742","305568","68287","102593","FutOnly"
"2026","FinFutYY.txt","DJIA x $5 - CHICAGO BOARD OF TRADE","2026-06-16","124603","103128","8078","18336","FutOnly"
"2026","FinFutYY.txt","NASDAQ MINI - CHICAGO MERCANTILE EXCHANGE","2026-06-16","209742","344441","66996","95150","FutOnly"
"2026","FinFutYY.txt","DJIA x $5 - CHICAGO BOARD OF TRADE","2026-06-23","124603","78956","8391","17416","FutOnly"
"2026","FinFutYY.txt","NASDAQ MINI - CHICAGO MERCANTILE EXCHANGE","2026-06-23","209742","265083","42052","93114","FutOnly"
"2026","FinFutYY.txt","DJIA x $5 - CHICAGO BOARD OF TRADE","2026-06-30","124603","83306","9359","19337","FutOnly"
"2026","FinFutYY.txt","NASDAQ MINI - CHICAGO MERCANTILE EXCHANGE","2026-06-30","209742","278558","36796","105413","FutOnly"
"2026","FinFutYY.txt","DJIA x $5 - CHICAGO BOARD OF TRADE","2026-07-07","124603","79726","12114","13920","FutOnly"
"2026","FinFutYY.txt","NASDAQ MINI - CHICAGO MERCANTILE EXCHANGE","2026-07-07","209742","285086","49681","104694","FutOnly"
"2026","FinFutYY.txt","DJIA x $5 - CHICAGO BOARD OF TRADE","2026-07-14","124603","76483","10010","12788","FutOnly"
"2026","FinFutYY.txt","NASDAQ MINI - CHICAGO MERCANTILE EXCHANGE","2026-07-14","209742","284971","47577","111740","FutOnly"
"2026","FinFutYY.txt","DJIA x $5 - CHICAGO BOARD OF TRADE","2026-07-21","124603","82002","12695","16146","FutOnly"
"2026","FinFutYY.txt","NASDAQ MINI - CHICAGO MERCANTILE EXCHANGE","2026-07-21","209742","286903","46344","121034","FutOnly"
"2026","FinFutYY.txt","DJIA x $5 - CHICAGO BOARD OF TRADE","2026-07-28","124603","83013","11725","12919","FutOnly"
"2026","FinFutYY.txt","NASDAQ MINI - CHICAGO MERCANTILE EXCHANGE","2026-07-28","209742","294781","61233","119531","FutOnly"
"2026","FinFutYY.txt","DJIA x $5 - CHICAGO BOARD OF TRADE","2026-08-04","124603","91653","15439","18552","FutOnly"
"2026","FinFutYY.txt","NASDAQ MINI - CHICAGO MERCANTILE EXCHANGE","2026-08-04","209742","303624","57097","135430","FutOnly"
"2026","FinFutYY.txt","DJIA x $5 - CHICAGO BOARD OF TRADE","2026-08-11","124603","89844","11145","12352","FutOnly"
"2026","FinFutYY.txt","NASDAQ MINI - CHICAGO MERCANTILE EXCHANGE","2026-08-11","209742","282662","34549","123674","FutOnly"
"2026","FinFutYY.txt","DJIA x $5 - CHICAGO BOARD OF TRADE","2026-08-18","124603","90072","13568","11533","FutOnly"
"2026","FinFutYY.txt","NASDAQ MINI - CHICAGO MERCANTILE EXCHANGE","2026-08-18","209742","297931","45490","107261","FutOnly"
