"cash_date","rsp_open","rsp_close","spy_open","spy_close","relative_intraday_log_return","state"
"2022-06-24","134.85","138.07","381.40","390.08","0.0010946002157339145","BROAD_LEADS"
"2022-06-27","138.49","138.00","391.05","388.59","0.002766190139924501","BROAD_LEADS"
"2022-06-28","138.75","135.90","390.23","380.65","0.004101559661357751","BROAD_LEADS"
"2022-06-29","135.94","135.07","381.23","380.34","-0.0040831713407437145","MEGACAP_LEADS"
"2022-06-30","133.54","134.23","376.24","377.25","0.0024728280586561284","BROAD_LEADS"
"2022-07-01","133.98","135.87","376.56","381.24","0.0016563101795723425","BROAD_LEADS"
"2022-07-05","134.03","135.55","375.88","381.96","-0.004769027112868349","MEGACAP_LEADS"
"2022-07-06","135.52","135.58","382.11","383.25","-0.00253635138307039","MEGACAP_LEADS"
"2022-07-07","136.45","137.55","385.12","388.99","-0.0019694220961451094","MEGACAP_LEADS"
"2022-07-08","137.37","137.04","387.27","388.67","-0.0060136916694043425","MEGACAP_LEADS"
"2022-07-11","136.04","135.78","385.85","384.23","0.0022943300210072253","BROAD_LEADS"
"2022-07-12","135.25","135.13","383.65","380.83","0.0064899576203630545","BROAD_LEADS"
"2022-07-13","133.31","134.38","375.10","378.83","-0.0019005341873907268","MEGACAP_LEADS"
"2022-07-14","132.235","133.32","373.61","377.91","-0.0032719887566285254","MEGACAP_LEADS"
"2022-07-15","134.91","135.85","382.55","385.13","0.0002218704691428564","BROAD_LEADS"
"2022-07-18","136.96","135.26","388.38","381.95","0.004204471551466934","BROAD_LEADS"
"2022-07-19","136.68","139.14","386.08","392.27","0.0019324169214460021","BROAD_LEADS"
"2022-07-20","138.97","140.07","392.47","394.77","0.002040999502589929","BROAD_LEADS"
"2022-07-21","139.59","141.16","394.16","398.79","-0.0004936000295073864","MEGACAP_LEADS"
"2022-07-22","141.41","140.34","398.92","395.09","0.0020518859891736066","BROAD_LEADS"
"2022-07-25","140.60","140.69","395.75","395.57","0.001094845076613595","BROAD_LEADS"
"2022-07-26","140.25","139.59","393.84","390.89","0.002801555090400769","BROAD_LEADS"
"2022-07-27","140.33","142.30","394.36","401.04","-0.002856261915644885","MEGACAP_LEADS"
"2022-07-28","142.638","144.55","401.89","406.07","0.0029683771190803857","BROAD_LEADS"
"2022-07-29","144.53","145.84","407.58","411.99","-0.0017388128693776612","MEGACAP_LEADS"
"2022-08-01","145.11","145.56","409.15","410.77","-0.0008553129357782531","MEGACAP_LEADS"
"2022-08-02","145.02","144.53","409.12","408.06","-0.0007902763554219162","MEGACAP_LEADS"
"2022-08-03","145.28","146.03","410.30","414.45","-0.0049145753899977876","MEGACAP_LEADS"
"2022-08-04","145.85","145.72","414.37","414.17","-0.0004089472310724034","MEGACAP_LEADS"
"2022-08-05","144.42","145.88","409.66","413.47","0.0008012318487551056","BROAD_LEADS"
"2022-08-08","146.675","146.29","415.25","412.99","0.002829067078644272","BROAD_LEADS"
"2022-08-09","146.10","145.44","412.22","411.35","-0.0024149345272730296","MEGACAP_LEADS"
"2022-08-10","147.84","148.55","418.78","419.99","0.0019058149092597422","BROAD_LEADS"
"2022-08-11","149.59","149.21","422.99","419.99","0.004574127900702087","BROAD_LEADS"
"2022-08-12","149.89","151.62","422.03","427.10","-0.0004660774051398215","MEGACAP_LEADS"
"2022-08-15","150.72","151.95","424.765","428.86","-0.0014667419867377598","MEGACAP_LEADS"
"2022-08-16","151.51","152.39","427.73","429.70","0.0011962595453943433","BROAD_LEADS"
"2022-08-17","151.03","150.96","425.91","426.65","-0.002199540156956775","MEGACAP_LEADS"
"2022-08-18","151.05","151.44","426.86","427.89","0.000168536480367919","BROAD_LEADS"
"2022-08-19","150.41","149.44","424.98","422.14","0.0002351722345252721","BROAD_LEADS"
"2022-08-22","147.75","146.32","417.05","413.35","-0.0008142252146611378","MEGACAP_LEADS"
"2022-08-23","146.39","145.94","412.90","412.35","-0.0017457852331663158","MEGACAP_LEADS"
"2022-08-24","145.97","146.67","412.11","413.67","0.001005793599641044","BROAD_LEADS"
"2022-08-25","147.27","148.93","415.24","419.51","0.0009780629593428847","BROAD_LEADS"
"2022-08-26","149.10","144.13","419.39","405.31","0.0002475165102447524","BROAD_LEADS"
"2022-08-29","143.07","143.29","402.20","402.63","0.00046797901099614506","BROAD_LEADS"
"2022-08-30","143.73","141.78","403.85","398.21","0.00040403842872852556","BROAD_LEADS"
"2022-08-31","142.28","140.76","399.93","395.18","0.001207539861153793","BROAD_LEADS"
"2022-09-01","139.81","140.88","392.89","396.42","-0.001320474610017607","MEGACAP_LEADS"
"2022-09-02","142.34","139.86","400.28","392.24","0.002713765283873175","BROAD_LEADS"
"2022-09-06","140.30","139.47","393.13","390.76","0.00011332245222409661","BROAD_LEADS"
"2022-09-07","139.35","142.53","390.43","397.78","0.003913357152745413","BROAD_LEADS"
"2022-09-08","141.69","143.76","395.39","400.38","0.001962193327581272","BROAD_LEADS"
"2022-09-09","144.73","145.74","402.74","406.60","-0.0025844341513637887","MEGACAP_LEADS"
"2022-09-12","146.59","147.10","408.78","410.97","-0.0018700518123240042","MEGACAP_LEADS"
"2022-09-13","143.96","141.28","401.83","393.10","0.003173334822566775","BROAD_LEADS"
"2022-09-14","141.55","141.27","394.47","394.60","-0.002309560455913456","MEGACAP_LEADS"
"2022-09-15","140.86","140.15","392.96","390.12","0.002200229708441504","BROAD_LEADS"
"2022-09-16","138.61","138.75","384.14","385.56","-0.0026802350377794232","MEGACAP_LEADS"
"2022-09-19","136.86","139.15","382.26","388.55","0.0002731261487486508","BROAD_LEADS"
"2022-09-20","138.01","136.91","385.06","384.09","-0.005480104479291694","MEGACAP_LEADS"
"2022-09-21","137.64","134.64","386.11","377.39","0.0008061364158865256","BROAD_LEADS"
"2022-09-22","134.56","132.71","376.58","374.22","-0.007557251473284023","MEGACAP_LEADS"
"2022-09-23","131.38","130.48","370.58","367.95","0.0002483573300920581","BROAD_LEADS"
"2022-09-26","129.99","128.59","366.41","364.31","-0.005080704675322945","MEGACAP_LEADS"
"2022-09-27","129.86","128.18","368.02","363.38","-0.0003332551603262082","MEGACAP_LEADS"
"2022-09-28","128.95","131.16","364.38","370.53","0.00025608566860008466","BROAD_LEADS"
"2022-09-29","129.97","128.68","366.81","362.79","0.0010448961362432476","BROAD_LEADS"
"2022-09-30","128.57","127.28","361.80","357.18","0.0027675975012150383","BROAD_LEADS"
"2022-10-03","128.67","130.83","361.08","366.61","0.001448711035412692","BROAD_LEADS"
"2022-10-04","132.85","135.34","372.40","377.97","0.003723176610520849","BROAD_LEADS"
"2022-10-05","133.69","134.81","373.39","377.09","-0.0015177432227839148","MEGACAP_LEADS"
"2022-10-06","134.26","133.31","375.62","373.20","-0.0006374503054170748","MEGACAP_LEADS"
"2022-10-07","132.01","130.15","368.97","362.79","0.0027011396050413937","BROAD_LEADS"
"2022-10-10","130.61","129.27","363.96","360.02","0.0005718427323580019","BROAD_LEADS"
"2022-10-11","128.79","128.69","358.235","357.74","0.0006059706652221179","BROAD_LEADS"
"2022-10-12","128.74","128.02","358.17","356.56","-0.0011031595235061874","MEGACAP_LEADS"
"2022-10-13","125.46","131.10","349.205","365.97","-0.002918812422606415","MEGACAP_LEADS"
"2022-10-14","131.98","128.20","368.55","357.63","0.0010186037685719906","BROAD_LEADS"
"2022-10-17","130.31","130.99","364.01","366.82","-0.0024851674832933497","MEGACAP_LEADS"
"2022-10-18","133.51","132.93","375.13","371.13","0.006366519496726549","BROAD_LEADS"
"2022-10-19","132.01","131.36","368.99","368.50","-0.0036071998156356824","MEGACAP_LEADS"
"2022-10-20","131.53","129.90","368.03","365.41","-0.005325593056964607","MEGACAP_LEADS"
"2022-10-21","129.89","132.87","365.12","374.29","-0.002121563158218674","MEGACAP_LEADS"
"2022-10-24","133.523","134.35","375.89","378.87","-0.0017220035135201584","MEGACAP_LEADS"
"2022-10-25","134.36","136.93","378.79","384.92","0.0028935229200824676","BROAD_LEADS"
"2022-10-26","137.06","137.20","381.62","382.02","-2.6685020686142936E-05","MEGACAP_LEADS"
"2022-10-27","138.00","137.33","383.07","379.98","0.003232223733291366","BROAD_LEADS"
"2022-10-28","137.40","140.18","379.87","389.02","-0.0037707359686978865","MEGACAP_LEADS"
"2022-10-31","139.44","139.56","386.44","386.21","0.0014555687774054475","BROAD_LEADS"
"2022-11-01","141.03","139.90","390.14","384.52","0.006465093836457906","BROAD_LEADS"
"2022-11-02","139.64","136.49","383.90","374.87","0.0009864724370565077","BROAD_LEADS"
"2022-11-03","135.083","135.80","371.465","371.01","0.006519441438584078","BROAD_LEADS"
"2022-11-04","137.699","137.91","377.00","376.35","0.003256780909601331","BROAD_LEADS"
"2022-11-07","138.47","139.01","377.71","379.95","-0.0020207823863036697","MEGACAP_LEADS"
"2022-11-08","139.36","139.84","381.11","382.00","0.0011058375640785644","BROAD_LEADS"
"2022-11-09","138.92","137.33","379.93","374.13","0.0038722552908247374","BROAD_LEADS"
"2022-11-10","142.07","144.69","388.05","394.69","0.001307179515303486","BROAD_LEADS"
"2022-11-11","145.18","146.08","395.59","398.51","-0.0011742056579237574","MEGACAP_LEADS"
"2022-11-14","145.56","144.49","396.66","395.12","-0.0034880973972667784","MEGACAP_LEADS"
"2022-11-15","146.64","145.85","401.15","398.49","0.0012511111694241666","BROAD_LEADS"
"2022-11-16","145.14","144.30","396.78","395.45","-0.0024467141209658307","MEGACAP_LEADS"
"2022-11-17","142.37","143.46","390.46","394.24","-0.0020073815778103507","MEGACAP_LEADS"
"2022-11-18","144.91","144.53","397.74","396.03","0.0016827979234952345","BROAD_LEADS"
"2022-11-21","143.91","144.47","394.64","394.59","0.004010475135893653","BROAD_LEADS"
"2022-11-22","145.26","146.39","396.63","399.90","-0.000461606657359271","MEGACAP_LEADS"
"2022-11-23","146.15","147.00","399.55","402.42","-0.0013583102977478062","MEGACAP_LEADS"
"2022-11-25","147.00","147.50","401.83","402.33","0.0021520552157413943","BROAD_LEADS"
"2022-11-28","146.28","144.87","399.09","395.91","-0.001685762060544103","MEGACAP_LEADS"
"2022-11-29","145.14","145.33","396.05","395.23","0.003380816774579096","BROAD_LEADS"
"2022-11-30","145.50","148.82","395.49","407.68","-0.007795615148187624","MEGACAP_LEADS"
"2022-12-01","149.62","149.03","408.77","407.38","-0.0005448785914972053","MEGACAP_LEADS"
"2022-12-02","147.17","148.94","402.25","406.91","0.0004369142103979994","BROAD_LEADS"
"2022-12-05","147.88","146.06","403.95","399.59","-0.001531551386992","MEGACAP_LEADS"
"2022-12-06","146.10","144.46","399.42","393.83","0.00280548460086138","BROAD_LEADS"
"2022-12-07","144.06","144.22","392.94","393.16","0.0005503067869852579","BROAD_LEADS"
"2022-12-08","145.07","145.15","395.14","396.24","-0.0022286498748951365","MEGACAP_LEADS"
"2022-12-09","144.66","144.03","394.94","393.28","-0.0001525219586823133","MEGACAP_LEADS"
"2022-12-12","144.27","146.15","394.11","398.95","0.0007409099948103917","BROAD_LEADS"
"2022-12-13","150.08","147.17","410.22","401.97","0.0007360381032381","BROAD_LEADS"
"2022-12-14","147.10","146.30","401.61","399.40","6.472790288825428E-05","BROAD_LEADS"
"2022-12-15","144.46","143.09","394.30","389.63","0.0023856203222622063","BROAD_LEADS"
"2022-12-16","141.83","141.36","385.18","383.27","0.0016517265530058634","BROAD_LEADS"
"2022-12-19","140.86","139.63","383.47","380.02","0.0002670856119959455","BROAD_LEADS"
"2022-12-20","139.46","139.77","379.23","380.54","-0.0012280227327283741","MEGACAP_LEADS"
"2022-12-21","140.94","141.93","383.25","386.23","-0.0007458187718395485","MEGACAP_LEADS"
"2022-12-22","140.83","140.39","383.05","380.72","0.0029721069238755667","BROAD_LEADS"
"2022-12-23","140.28","141.29","379.65","382.91","-0.001376108456736286","MEGACAP_LEADS"
"2022-12-27","141.42","141.38","382.79","381.40","0.003354957335989245","BROAD_LEADS"
"2022-12-28","141.48","139.35","381.33","376.66","-0.002847392201236575","MEGACAP_LEADS"
"2022-12-29","140.28","141.83","379.63","383.44","0.0010026713546683295","BROAD_LEADS"
"2022-12-30","140.94","141.25","380.64","382.43","-0.0024944813005818283","MEGACAP_LEADS"
"2023-01-03","142.08","141.12","384.37","380.82","0.0024991208142820893","BROAD_LEADS"
"2023-01-04","142.08","143.32","383.18","383.76","0.007177108666930752","BROAD_LEADS"
"2023-01-05","142.39","141.83","381.72","379.38","0.0022083997640894694","BROAD_LEADS"
"2023-01-06","143.322","145.23","382.61","388.08","-0.0009704648208799065","MEGACAP_LEADS"
"2023-01-09","145.97","145.29","390.37","387.86","0.0017811814966367662","BROAD_LEADS"
"2023-01-10","145.10","146.38","387.25","390.58","0.00022048572528082615","BROAD_LEADS"
"2023-01-11","146.97","148.16","392.23","395.52","-0.00028866582715574886","MEGACAP_LEADS"
"2023-01-12","148.61","148.72","396.67","396.96","9.099462721535068E-06","BROAD_LEADS"
"2023-01-13","147.53","149.07","393.62","398.50","-0.0019370719821153494","MEGACAP_LEADS"
"2023-01-17","148.97","148.74","398.48","397.77","0.00023823185394350596","BROAD_LEADS"
"2023-01-18","149.33","146.45","399.01","391.49","-0.0004480418834648635","MEGACAP_LEADS"
"2023-01-19","145.55","144.94","389.36","388.64","-0.0023489062391603274","MEGACAP_LEADS"
"2023-01-20","145.44","147.46","390.10","395.88","-0.0009146963835434344","MEGACAP_LEADS"
"2023-01-23","147.79","149.33","396.72","400.63","0.0005587089273009528","BROAD_LEADS"
"2023-01-24","148.90","148.98","398.88","400.20","-0.0027666733162185304","MEGACAP_LEADS"
"2023-01-25","147.73","149.32","395.95","400.35","-0.00034585314935501113","MEGACAP_LEADS"
"2023-01-26","150.15","150.52","403.13","404.75","-0.0015493306879528312","MEGACAP_LEADS"
"2023-01-27","150.21","150.80","403.655","405.68","-0.001083978189655668","MEGACAP_LEADS"
"2023-01-30","149.73","149.20","402.80","400.59","0.0019557161004578856","BROAD_LEADS"
"2023-01-31","149.58","151.73","401.13","406.48","0.0010220957828353649","BROAD_LEADS"
"2023-02-01","150.94","153.28","405.211","410.80","0.0016853484053355287","BROAD_LEADS"
"2023-02-02","154.35","154.96","414.86","416.78","-0.0006731225743718469","MEGACAP_LEADS"
"2023-02-03","153.38","153.06","411.59","412.35","-0.003933296002005543","MEGACAP_LEADS"
"2023-02-06","152.07","151.98","409.79","409.83","-0.0006896141185611804","MEGACAP_LEADS"
"2023-02-07","151.64","153.40","408.87","415.19","-0.0037993913906627184","MEGACAP_LEADS"
"2023-02-08","152.59","151.89","413.13","410.65","0.001423031967226122","BROAD_LEADS"
"2023-02-09","153.07","150.50","414.41","407.09","0.0008892817955233057","BROAD_LEADS"
"2023-02-10","150.09","150.96","405.86","408.04","0.0004228506265759402","BROAD_LEADS"
"2023-02-13","151.14","152.65","408.72","412.83","-6.440133444415852E-05","MEGACAP_LEADS"
"2023-02-14","152.26","152.36","411.24","412.64","-0.002742000726179992","MEGACAP_LEADS"
"2023-02-15","151.60","153.08","410.35","413.98","0.0009079779453065144","BROAD_LEADS"
"2023-02-16","151.29","151.35","408.79","408.28","0.001644873926455217","BROAD_LEADS"
"2023-02-17","150.71","151.03","406.06","407.26","-0.000829838041608359","MEGACAP_LEADS"
"2023-02-21","149.71","147.75","403.06","399.09","-0.0032799543001185687","MEGACAP_LEADS"
"2023-02-22","147.85","147.57","399.52","398.54","0.0005603501038967348","BROAD_LEADS"
"2023-02-23","148.47","148.12","401.56","400.66","-0.00011638711667309471","MEGACAP_LEADS"
"2023-02-24","146.37","146.85","395.42","396.38","0.0008491391993064624","BROAD_LEADS"
"2023-02-27","148.10","147.03","399.87","397.73","-0.0018849625128420549","MEGACAP_LEADS"
"2023-02-28","147.08","146.60","397.23","396.26","-0.0008239704268578618","MEGACAP_LEADS"
"2023-03-01","146.35","146.33","395.41","394.74","0.0015592129019017253","BROAD_LEADS"
"2023-03-02","145.77","147.48","392.68","397.81","-0.0013169372600003674","MEGACAP_LEADS"
"2023-03-03","148.18","149.55","399.71","404.19","-0.001942746180033178","MEGACAP_LEADS"
"2023-03-06","149.725","148.83","405.05","404.47","-0.004562615004509703","MEGACAP_LEADS"
"2023-03-07","148.87","146.43","404.42","398.27","-0.0012021686546434696","MEGACAP_LEADS"
"2023-03-08","146.49","146.74","398.39","398.92","0.0003756760043187649","BROAD_LEADS"
"2023-03-09","146.85","143.50","399.74","391.56","-0.0024010470717870692","MEGACAP_LEADS"
"2023-03-10","143.13","140.47","390.99","385.91","-0.005681562799474292","MEGACAP_LEADS"
"2023-03-13","138.01","138.75","381.81","385.36","-0.003907253323304682","MEGACAP_LEADS"
"2023-03-14","141.22","140.70","390.50","391.73","-0.006833851653546285","MEGACAP_LEADS"
"2023-03-15","138.11","138.73","385.89","389.28","-0.004267395273681935","MEGACAP_LEADS"
"2023-03-16","137.52","140.40","386.82","396.11","-0.003006351391453624","MEGACAP_LEADS"
"2023-03-17","139.96","138.03","393.22","389.99","-0.005637460753969963","MEGACAP_LEADS"
"2023-03-20","137.89","139.12","390.80","393.74","0.0013857313690643506","BROAD_LEADS"
"2023-03-21","140.70","140.98","397.24","398.91","-0.0022071232761803976","MEGACAP_LEADS"
"2023-03-22","140.99","137.81","398.73","392.11","-0.00607095755997359","MEGACAP_LEADS"
"2023-03-23","138.52","137.35","395.09","393.17","-0.0036108082563833027","MEGACAP_LEADS"
"2023-03-24","136.61","138.52","391.841","395.75","0.003958015136371139","BROAD_LEADS"
"2023-03-27","139.71","139.44","398.12","396.49","0.0021682028513350868","BROAD_LEADS"
"2023-03-28","139.23","139.72","395.77","395.60","0.003942812708200955","BROAD_LEADS"
"2023-03-29","141.00","141.82","399.925","401.35","0.0022419224477559486","BROAD_LEADS"
"2023-03-30","142.94","142.52","404.09","403.70","-0.0019770234847739094","MEGACAP_LEADS"
"2023-03-31","143.08","144.62","404.66","409.39","-0.0009153402325799784","MEGACAP_LEADS"
"2023-04-03","144.72","144.74","408.85","410.95","-0.00498502363558078","MEGACAP_LEADS"
"2023-04-04","145.03","143.29","411.62","408.67","-0.004877459600966767","MEGACAP_LEADS"
"2023-04-05","142.85","142.99","407.91","407.60","0.001739829555108529","BROAD_LEADS"
"2023-04-06","142.83","143.09","406.77","409.19","-0.004112989664762759","MEGACAP_LEADS"
"2023-04-10","142.49","143.96","406.61","409.61","0.00291266900093649","BROAD_LEADS"
"2023-04-11","144.39","144.90","410.26","409.72","0.004842982829165957","BROAD_LEADS"
"2023-04-12","145.81","144.20","411.87","408.05","-0.0017851298149740274","MEGACAP_LEADS"
"2023-04-13","144.45","145.31","409.18","413.47","-0.004493838993157489","MEGACAP_LEADS"
"2023-04-14","145.28","144.65","412.81","412.46","-0.003497676126601226","MEGACAP_LEADS"
"2023-04-17","144.71","145.63","412.37","413.94","0.0025373875474244047","BROAD_LEADS"
"2023-04-18","146.04","145.64","415.58","414.21","0.000559309795359893","BROAD_LEADS"
"2023-04-19","145.00","145.68","412.22","414.14","3.179950205079666E-05","BROAD_LEADS"
"2023-04-20","144.72","144.88","411.21","411.88","-0.0005230393890322458","MEGACAP_LEADS"
"2023-04-21","145.13","144.92","412.19","412.20","-0.0014722868176033834","MEGACAP_LEADS"
"2023-04-24","144.86","145.19","411.99","412.63","0.00072324029863695","BROAD_LEADS"
"2023-04-25","144.40","142.72","410.58","406.08","-0.000681947960588191","MEGACAP_LEADS"
"2023-04-26","142.40","141.23","406.72","404.36","-0.002430814181670595","MEGACAP_LEADS"
"2023-04-27","141.82","143.55","407.00","412.41","-0.0010800560176207376","MEGACAP_LEADS"
"2023-04-28","143.26","145.14","411.49","415.93","0.0023053742773156763","BROAD_LEADS"
"2023-05-01","145.03","145.01","415.47","415.51","-0.00023418388419502577","MEGACAP_LEADS"
"2023-05-02","144.53","142.84","414.77","410.84","-0.002241670303813538","MEGACAP_LEADS"
"2023-05-03","143.10","142.01","411.36","408.02","0.0005063418015126822","BROAD_LEADS"
"2023-05-04","141.69","140.66","406.93","405.13","-0.0028627644730085614","MEGACAP_LEADS"
"2023-05-05","141.90","143.03","408.91","412.63","-0.0011244104105330409","MEGACAP_LEADS"
"2023-05-08","143.42","142.77","412.97","412.74","-0.003985348321782811","MEGACAP_LEADS"
"2023-05-09","142.12","142.24","411.13","410.93","0.001330583110264813","BROAD_LEADS"
"2023-05-10","143.26","142.22","413.88","412.85","-0.004794260857620998","MEGACAP_LEADS"
"2023-05-11","141.61","141.51","411.95","412.13","-0.0011432650688201738","MEGACAP_LEADS"
"2023-05-12","142.04","141.52","413.42","411.59","0.0007686589154357786","BROAD_LEADS"
"2023-05-15","141.73","142.32","412.22","413.01","0.0022395858509555865","BROAD_LEADS"
"2023-05-16","141.86","140.31","411.86","410.25","-0.007069639561034502","MEGACAP_LEADS"
"2023-05-17","141.06","142.09","412.35","415.23","0.00031524757259497865","BROAD_LEADS"
"2023-05-18","141.87","143.24","414.90","419.23","-0.000771768186524309","MEGACAP_LEADS"
"2023-05-19","143.68","142.86","420.17","418.62","-0.0020276707180893485","MEGACAP_LEADS"
"2023-05-22","142.94","143.08","418.64","418.79","0.0006207136975733578","BROAD_LEADS"
"2023-05-23","142.60","141.55","417.08","414.09","-0.00019578800449104004","MEGACAP_LEADS"
"2023-05-24","140.93","140.01","412.42","411.09","-0.0033193856276849576","MEGACAP_LEADS"
"2023-05-25","140.18","139.92","414.74","414.65","-0.001639453389350532","MEGACAP_LEADS"
"2023-05-26","140.21","141.09","415.33","420.02","-0.004972258334356347","MEGACAP_LEADS"
"2023-05-30","141.37","140.84","422.03","420.18","0.0006371380690565463","BROAD_LEADS"
"2023-05-31","140.13","139.61","418.28","417.85","-0.0026891938986268885","MEGACAP_LEADS"
"2023-06-01","139.87","140.66","418.09","421.82","-0.003249751315355794","MEGACAP_LEADS"
"2023-06-02","141.90","143.73","424.50","427.92","0.004789698925550817","BROAD_LEADS"
"2023-06-05","143.91","143.24","428.28","427.10","-0.0019075496092018584","MEGACAP_LEADS"
"2023-06-06","143.17","144.21","426.67","428.03","0.0040554293334698135","BROAD_LEADS"
"2023-06-07","144.48","145.27","428.44","426.55","0.009874101757842032","BROAD_LEADS"
"2023-06-08","145.05","145.33","426.62","429.13","-0.003937707992300618","MEGACAP_LEADS"
"2023-06-09","145.50","145.16","429.96","429.90","-0.0021999466640507497","MEGACAP_LEADS"
"2023-06-12","145.45","146.12","430.92","433.80","-0.0020653233809109365","MEGACAP_LEADS"
"2023-06-13","146.59","147.53","435.32","436.66","0.0033185032204261426","BROAD_LEADS"
"2023-06-14","147.92","147.25","437.01","437.18","-0.004928696020063557","MEGACAP_LEADS"
"2023-06-15","146.95","148.95","436.33","442.60","-0.0007493035293790022","MEGACAP_LEADS"
"2023-06-16","149.61","148.83","443.02","439.46","0.002841022038720684","BROAD_LEADS"
"2023-06-20","147.47","146.84","437.45","437.18","-0.003663802683798658","MEGACAP_LEADS"
"2023-06-21","146.40","146.63","436.16","434.94","0.004370863429103012","BROAD_LEADS"
"2023-06-22","146.42","146.03","433.95","436.51","-0.0085490886005463","MEGACAP_LEADS"
"2023-06-23","145.01","144.77","432.93","433.21","-0.0023029761640130566","MEGACAP_LEADS"
"2023-06-26","144.77","145.65","432.62","431.44","0.00879150074587541","BROAD_LEADS"
"2023-06-27","145.86","147.43","432.35","436.17","0.001909599100636497","BROAD_LEADS"
"2023-06-28","147.17","147.18","435.05","436.39","-0.0030074256048000674","MEGACAP_LEADS"
"2023-06-29","147.13","148.33","435.96","438.11","0.003203447248579434","BROAD_LEADS"
"2023-06-30","149.25","149.64","441.44","443.28","-0.0015498568828845446","MEGACAP_LEADS"
"2023-07-03","149.35","150.01","442.92","443.79","0.002447103136333472","BROAD_LEADS"
"2023-07-05","149.39","149.37","441.91","443.13","-0.0028908260177953576","MEGACAP_LEADS"
"2023-07-06","148.00","148.15","439.42","439.66","0.0004669748517123903","BROAD_LEADS"
"2023-07-07","147.91","148.52","438.63","438.55","0.004298051325666437","BROAD_LEADS"
"2023-07-10","148.42","149.85","438.18","439.66","0.006216785148787154","BROAD_LEADS"
"2023-07-11","150.22","151.54","440.45","442.46","0.004195596919325738","BROAD_LEADS"
"2023-07-12","152.97","152.24","446.39","446.02","-0.0039543854287583296","MEGACAP_LEADS"
"2023-07-13","152.69","152.96","447.90","449.56","-0.00193260632914105","MEGACAP_LEADS"
"2023-07-14","153.10","152.06","450.475","449.28","-0.0041598426478610135","MEGACAP_LEADS"
"2023-07-17","151.78","152.35","449.13","450.84","-5.172978807163218E-05","MEGACAP_LEADS"
"2023-07-18","152.35","153.29","450.50","454.19","-0.002006488901678982","MEGACAP_LEADS"
"2023-07-19","153.59","154.05","455.01","455.20","0.002573024534434233","BROAD_LEADS"
"2023-07-20","153.89","153.89","454.17","452.18","0.004391246643726886","BROAD_LEADS"
"2023-07-21","154.40","154.11","453.96","452.18","0.0020487533413784138","BROAD_LEADS"
"2023-07-24","154.40","154.54","453.37","454.20","-0.0009227356125680415","MEGACAP_LEADS"
"2023-07-25","154.34","154.65","453.92","455.44","-0.001336475480663533","MEGACAP_LEADS"
"2023-07-26","154.35","155.00","454.47","455.51","0.0019166004535739476","BROAD_LEADS"
"2023-07-27","155.77","153.64","459.02","452.49","0.0005597617869383502","BROAD_LEADS"
"2023-07-28","155.05","154.40","455.88","456.92","-0.006479711833994056","MEGACAP_LEADS"
"2023-07-31","154.75","154.88","457.41","457.79","9.292335420622638E-06","BROAD_LEADS"
"2023-08-01","154.18","154.25","456.27","456.48","-6.23615842188039E-06","MEGACAP_LEADS"
"2023-08-02","153.07","152.78","453.25","450.13","0.005011064711664256","BROAD_LEADS"
"2023-08-03","152.20","152.02","448.04","448.84","-0.002967316942817485","MEGACAP_LEADS"
"2023-08-04","152.35","151.34","450.72","446.81","0.0020613116394407683","BROAD_LEADS"
"2023-08-07","151.92","152.62","448.71","450.71","0.00014978753833281254","BROAD_LEADS"
"2023-08-08","151.26","151.86","448.08","448.75","0.0024646814562925157","BROAD_LEADS"
"2023-08-09","151.98","151.42","449.03","445.75","0.0036399433452598546","BROAD_LEADS"
"2023-08-10","152.16","151.24","448.19","445.91","-0.0009645080595190045","MEGACAP_LEADS"
"2023-08-11","150.77","151.27","443.97","445.65","-0.00046607521157933027","MEGACAP_LEADS"
"2023-08-14","150.99","151.24","444.70","448.11","-0.005984470907306294","MEGACAP_LEADS"
"2023-08-15","150.34","149.25","446.27","442.89","0.00032607432600888133","BROAD_LEADS"
"2023-08-16","149.05","148.16","442.46","439.64","0.0004048054549296619","BROAD_LEADS"
"2023-08-17","148.74","147.02","441.16","436.29","-0.0005307217489948293","MEGACAP_LEADS"
"2023-08-18","146.13","147.28","433.37","436.50","0.000642391745058625","BROAD_LEADS"
"2023-08-21","147.41","147.25","437.55","439.34","-0.0051686133316901145","MEGACAP_LEADS"
"2023-08-22","147.53","146.67","441.18","438.15","0.0010452582635145065","BROAD_LEADS"
"2023-08-23","146.98","147.89","439.25","443.03","-0.0023965296973680293","MEGACAP_LEADS"
"2023-08-24","147.79","146.47","444.69","436.89","0.008724245135013839","BROAD_LEADS"
"2023-08-25","147.07","147.21","438.68","439.97","-0.001984850019931688","MEGACAP_LEADS"
"2023-08-28","147.88","148.31","442.24","442.76","0.0017284023072671828","BROAD_LEADS"
"2023-08-29","148.41","149.98","442.65","449.16","-0.0040765436817634376","MEGACAP_LEADS"
"2023-08-30","150.06","150.45","449.51","451.01","-0.0007358226421318747","MEGACAP_LEADS"
"2023-08-31","150.71","149.92","451.65","450.35","-0.0023731565753724827","MEGACAP_LEADS"
"2023-09-01","150.86","150.54","453.17","451.19","0.002255369386045801","BROAD_LEADS"
"2023-09-05","150.31","148.68","450.73","449.24","-0.007592258205513171","MEGACAP_LEADS"
"2023-09-06","148.41","148.17","448.40","446.22","0.0032551365676570937","BROAD_LEADS"
"2023-09-07","147.76","147.58","443.11","444.85","-0.0051380347317422645","MEGACAP_LEADS"
"2023-09-08","147.78","147.65","444.90","445.52","-0.0022726746399868783","MEGACAP_LEADS"
"2023-09-11","148.33","147.89","448.24","448.45","-0.0034391564638264712","MEGACAP_LEADS"
"2023-09-12","147.55","147.70","446.95","445.99","0.0031662894382128892","BROAD_LEADS"
"2023-09-13","147.84","147.11","446.22","446.51","-0.00559969417032056","MEGACAP_LEADS"
"2023-09-14","148.11","148.83","449.07","450.36","0.001980988702510223","BROAD_LEADS"
"2023-09-15","148.35","147.58","447.14","443.37","0.003263163680911952","BROAD_LEADS"
"2023-09-18","146.90","146.59","443.05","443.63","-0.0034207600682278024","MEGACAP_LEADS"
"2023-09-19","146.58","146.35","442.68","442.71","-0.0016381081066925481","MEGACAP_LEADS"
"2023-09-20","146.91","145.68","444.01","438.64","0.0037603346423428895","BROAD_LEADS"
"2023-09-21","145.02","143.26","435.70","431.39","-0.0022691229770637773","MEGACAP_LEADS"
"2023-09-22","143.51","142.69","432.45","430.42","-0.0010250376572747341","MEGACAP_LEADS"
"2023-09-25","142.08","143.05","429.17","432.23","-0.00030080289080978463","MEGACAP_LEADS"
"2023-09-26","142.25","141.04","429.09","425.88","-0.0010334642283126175","MEGACAP_LEADS"
"2023-09-27","141.65","141.09","427.09","426.05","-0.001523188072549162","MEGACAP_LEADS"
"2023-09-28","141.09","142.07","425.48","428.52","-0.00019755875197374328","MEGACAP_LEADS"
"2023-09-29","142.99","141.69","431.67","427.48","0.0006207786181194417","BROAD_LEADS"
"2023-10-02","141.25","140.09","426.62","427.31","-0.009862354692520881","MEGACAP_LEADS"
"2023-10-03","139.30","138.41","425.06","421.59","0.0017874717726321446","BROAD_LEADS"
"2023-10-04","138.77","139.20","422.07","424.66","-0.003023810179016359","MEGACAP_LEADS"
"2023-10-05","139.10","138.80","424.36","424.50","-0.0024889050170240293","MEGACAP_LEADS"
"2023-10-06","138.12","140.00","421.97","429.54","-0.004261097087034852","MEGACAP_LEADS"
"2023-10-09","139.42","141.00","427.58","432.29","0.00031367637034301205","BROAD_LEADS"
"2023-10-10","141.37","142.08","432.94","434.54","0.0013208623295331693","BROAD_LEADS"
"2023-10-11","142.22","142.38","435.64","436.32","-0.00043531966943742843","MEGACAP_LEADS"
"2023-10-12","142.57","140.60","436.95","433.66","-0.006356172651823493","MEGACAP_LEADS"
"2023-10-13","141.02","140.29","435.21","431.50","0.00337114713522406","BROAD_LEADS"
"2023-10-16","141.28","142.04","433.82","436.04","0.0002606904845693118","BROAD_LEADS"
"2023-10-17","141.21","142.74","432.81","436.02","0.0033873682309517013","BROAD_LEADS"
"2023-10-18","142.03","140.48","434.19","430.21","-0.0017644082544006606","MEGACAP_LEADS"
"2023-10-19","140.45","138.74","430.95","426.43","-0.0017060283492187599","MEGACAP_LEADS"
"2023-10-20","138.46","137.01","425.98","421.19","0.0007807991380184565","BROAD_LEADS"
"2023-10-23","136.34","136.14","419.61","420.46","-0.003491639492491331","MEGACAP_LEADS"
"2023-10-24","136.80","137.01","422.65","423.63","-0.0007821086977665252","MEGACAP_LEADS"
"2023-10-25","136.36","135.50","421.89","417.55","0.00401351200108079","BROAD_LEADS"
"2023-10-26","135.39","135.22","416.45","412.55","0.008152574986509611","BROAD_LEADS"
"2023-10-27","135.56","133.66","414.19","410.68","-0.005604601342774561","MEGACAP_LEADS"
"2023-10-30","134.505","134.71","413.56","415.59","-0.00337364398104884","MEGACAP_LEADS"
"2023-10-31","135.03","135.83","416.18","418.20","0.001065199851548823","BROAD_LEADS"
"2023-11-01","135.87","136.29","419.20","422.66","-0.005133518123984399","MEGACAP_LEADS"
"2023-11-02","137.43","139.31","426.58","430.76","0.0038358013035690655","BROAD_LEADS"
"2023-11-03","140.82","141.59","433.14","434.69","0.0018809462257055902","BROAD_LEADS"
"2023-11-06","141.71","140.85","435.47","435.69","-0.006592295219978222","MEGACAP_LEADS"
"2023-11-07","140.59","140.55","435.69","436.93","-0.0031265736500038356","MEGACAP_LEADS"
"2023-11-08","140.72","140.32","437.55","437.25","-0.00216070072230111","MEGACAP_LEADS"
"2023-11-09","140.88","139.13","438.43","433.84","-0.00197535491750089","MEGACAP_LEADS"
"2023-11-10","139.71","140.76","435.98","440.61","-0.003076292905623024","MEGACAP_LEADS"
"2023-11-13","140.31","140.58","439.23","440.19","-0.00026079667212985133","MEGACAP_LEADS"
"2023-11-14","142.78","144.59","446.32","448.73","0.007211979938823841","BROAD_LEADS"
"2023-11-15","144.89","145.27","450.11","449.68","0.0035750246954764794","BROAD_LEADS"
"2023-11-16","145.15","144.79","449.22","450.23","-0.004729091509342027","MEGACAP_LEADS"
"2023-11-17","145.45","145.49","450.24","450.79","-0.0009458544213106408","MEGACAP_LEADS"
"2023-11-20","145.33","146.07","450.53","454.26","-0.003166113612625669","MEGACAP_LEADS"
"2023-11-21","145.82","145.80","453.1842","453.27","-0.00032647387252704343","MEGACAP_LEADS"
"2023-11-22","146.26","146.48","454.98","455.02","0.0014151284354814255","BROAD_LEADS"
"2023-11-24","146.43","146.91","455.07","455.30","0.0027673667461240417","BROAD_LEADS"
"2023-11-27","146.55","146.61","454.65","454.48","0.0007833167163219439","BROAD_LEADS"
"2023-11-28","146.43","146.47","454.08","454.93","-0.0015970362268430916","MEGACAP_LEADS"
"2023-11-29","147.12","147.05","457.15","454.61","0.005095740777552675","BROAD_LEADS"
"2023-11-30","147.55","148.30","455.48","456.40","0.0030523377094218438","BROAD_LEADS"
"2023-12-01","148.16","150.53","455.77","459.10","0.008589874023450912","BROAD_LEADS"
"2023-12-04","149.53","150.60","455.60","456.69","0.004740681603795645","BROAD_LEADS"
"2023-12-05","149.98","149.26","455.26","456.60","-0.007751249946454581","MEGACAP_LEADS"
"2023-12-06","149.97","149.31","458.81","454.76","0.004455781191302387","BROAD_LEADS"
"2023-12-07","149.79","150.10","456.91","458.23","-0.0008173810526343884","MEGACAP_LEADS"
"2023-12-08","149.97","150.57","457.46","460.20","-0.00197891016068858","MEGACAP_LEADS"
"2023-12-11","150.76","151.91","459.69","461.99","0.002608175252994383","BROAD_LEADS"
"2023-12-12","151.98","152.18","461.63","464.10","-0.004021244323859143","MEGACAP_LEADS"
"2023-12-13","152.16","155.41","464.49","470.50","0.00827825760186122","BROAD_LEADS"
"2023-12-14","156.6601","157.53","472.50","472.01","0.006575001185947429","BROAD_LEADS"
"2023-12-15","157.29","156.41","469.49","469.33","-0.005269617151371162","MEGACAP_LEADS"
"2023-12-18","156.40","155.87","470.98","471.97","-0.005494295583958248","MEGACAP_LEADS"
"2023-12-19","156.40","157.18","472.53","474.84","9.814912323873916E-05","BROAD_LEADS"
"2023-12-20","156.80","154.58","473.96","468.26","-0.0021601134983900965","MEGACAP_LEADS"
"2023-12-21","155.83","156.48","471.33","472.70","0.0012600846574088087","BROAD_LEADS"
"2023-12-22","156.92","157.01","473.86","473.65","0.0010166433428658104","BROAD_LEADS"
"2023-12-26","157.29","157.91","474.07","475.65","0.0006067156899875943","BROAD_LEADS"
"2023-12-27","158.08","158.06","475.44","476.51","-0.0023745443972363247","MEGACAP_LEADS"
"2023-12-28","158.06","158.41","476.88","476.69","0.002610403398870311","BROAD_LEADS"
"2023-12-29","158.04","157.80","476.49","475.31","0.0009597566415450324","BROAD_LEADS"
"2024-01-02","157.02","157.85","472.16","472.65","0.00423478355712717","BROAD_LEADS"
"2024-01-03","156.98","155.52","470.43","468.79","-0.005851804902760769","MEGACAP_LEADS"
"2024-01-04","155.46","155.26","468.30","467.28","0.000893133632902731","BROAD_LEADS"
"2024-01-05","155.01","155.71","467.49","467.92","0.0035862888769930103","BROAD_LEADS"
"2024-01-08","155.66","157.38","468.43","474.60","-0.0020965449311060435","MEGACAP_LEADS"
"2024-01-09","156.38","156.58","471.87","473.88","-0.002972482382497176","MEGACAP_LEADS"
"2024-01-10","156.58","156.85","474.16","476.56","-0.003325942683930448","MEGACAP_LEADS"
"2024-01-11","156.80","156.40","477.59","476.35","4.5465877852933316E-05","BROAD_LEADS"
"2024-01-12","157.14","156.05","477.84","476.68","-0.004530116829441893","MEGACAP_LEADS"
"2024-01-16","155.36","155.06","475.26","474.93","-0.00123826780175447","MEGACAP_LEADS"
"2024-01-17","153.87","153.84","471.82","472.29","-0.00119063556472383","MEGACAP_LEADS"
"2024-01-18","154.03","154.63","474.01","476.49","-0.0013305401452502175","MEGACAP_LEADS"
"2024-01-19","154.99","155.82","477.65","482.43","-0.00461668962427305","MEGACAP_LEADS"
"2024-01-22","156.29","156.64","484.01","483.45","0.0033945936587593184","BROAD_LEADS"
"2024-01-23","157.00","156.72","484.01","484.86","-0.003539653525216321","MEGACAP_LEADS"
"2024-01-24","157.70","155.91","487.81","485.39","-0.006442282018403632","MEGACAP_LEADS"
"2024-01-25","157.17","157.48","487.575","488.03","0.0010376893724932468","BROAD_LEADS"
"2024-01-26","157.66","157.50","487.59","487.41","-0.0006461265926489916","MEGACAP_LEADS"
"2024-01-29","157.34","158.46","487.73","491.27","-0.00013877413744527948","MEGACAP_LEADS"
"2024-01-30","158.01","158.49","490.56","490.89","0.0023607032554620352","BROAD_LEADS"
"2024-01-31","158.48","156.46","488.62","482.88","-0.0010111004481929906","MEGACAP_LEADS"
"2024-02-01","156.79","158.28","484.63","489.20","7.25955253281195E-05","BROAD_LEADS"
"2024-02-02","157.61","158.14","489.65","494.35","-0.006195828721007419","MEGACAP_LEADS"
"2024-02-05","157.36","156.78","493.695","492.55","-0.0013706860162421685","MEGACAP_LEADS"
"2024-02-06","156.95","157.77","493.52","493.98","0.004279347344393664","BROAD_LEADS"
"2024-02-07","158.51","158.39","496.29","498.10","-0.004397763527675848","MEGACAP_LEADS"
"2024-02-08","158.43","158.74","498.10","498.32","0.0015132074091255652","BROAD_LEADS"
"2024-02-09","158.69","158.93","498.84","501.20","-0.003208579835389725","MEGACAP_LEADS"
"2024-02-12","159.00","160.01","501.17","500.98","0.006711295817876562","BROAD_LEADS"
"2024-02-13","157.85","157.35","494.53","494.08","-0.002262222326615144","MEGACAP_LEADS"
"2024-02-14","158.15","158.79","496.79","498.57","0.00046202557101125523","BROAD_LEADS"
"2024-02-15","159.42","160.76","499.29","502.01","0.002937390035920779","BROAD_LEADS"
"2024-02-16","160.19","160.03","501.70","499.51","0.0033754005264837123","BROAD_LEADS"
"2024-02-20","159.30","159.66","497.72","496.76","0.004187995129248603","BROAD_LEADS"
"2024-02-21","159.25","159.98","495.42","497.21","0.0009669285607634033","BROAD_LEADS"
"2024-02-22","160.82","161.57","504.01","507.50","-0.002247843602831802","MEGACAP_LEADS"
"2024-02-23","161.94","162.00","509.27","507.85","0.0031626383659746375","BROAD_LEADS"
"2024-02-26","161.98","161.35","508.30","505.99","0.0006579658836557561","BROAD_LEADS"
"2024-02-27","161.87","162.06","506.70","506.93","0.00071927857066917","BROAD_LEADS"
"2024-02-28","161.67","162.12","505.33","506.26","0.0009408910408966625","BROAD_LEADS"
"2024-02-29","162.89","162.79","508.07","508.08","-0.0006337818826389256","MEGACAP_LEADS"
"2024-03-01","163.00","163.93","508.98","512.85","-0.001885375074118914","MEGACAP_LEADS"
"2024-03-04","163.84","164.23","512.03","512.30","0.001850368626131066","BROAD_LEADS"
"2024-03-05","163.96","163.48","510.24","507.18","0.003083396152795836","BROAD_LEADS"
"2024-03-06","164.37","164.41","510.55","509.75","0.00181149035133412","BROAD_LEADS"
"2024-03-07","165.42","165.70","513.14","514.81","-0.0015579579614309626","MEGACAP_LEADS"
"2024-03-08","166.16","165.51","515.46","511.72","0.003362541813778196","BROAD_LEADS"
"2024-03-11","165.16","165.72","510.48","511.28","0.0018189904093767492","BROAD_LEADS"
"2024-03-12","166.02","166.15","513.45","516.78","-0.005681866611119247","MEGACAP_LEADS"
"2024-03-13","166.27","166.23","517.11","515.97","0.001966392072978646","BROAD_LEADS"
"2024-03-14","166.28","164.74","516.97","514.95","-0.005389603697655426","MEGACAP_LEADS"
"2024-03-15","163.67","164.42","510.21","509.83","0.005316993061492758","BROAD_LEADS"
"2024-03-18","164.33","164.19","514.00","512.86","0.0013680546437690594","BROAD_LEADS"
"2024-03-19","164.17","165.17","512.15","515.71","-0.0008542708786600482","MEGACAP_LEADS"
"2024-03-20","165.08","166.58","515.77","520.48","-4.506342478786084E-05","MEGACAP_LEADS"
"2024-03-21","167.34","167.72","523.39","522.20","0.00454447923721814","BROAD_LEADS"
"2024-03-22","167.80","166.64","522.11","521.21","-0.0052117349877625644","MEGACAP_LEADS"
"2024-03-25","166.63","166.28","519.80","519.77","-0.0020449549949702736","MEGACAP_LEADS"
"2024-03-26","166.80","166.12","521.23","518.81","0.0005686044031390025","BROAD_LEADS"
"2024-03-27","167.14","168.78","521.71","523.17","0.006969726055967705","BROAD_LEADS"
"2024-03-28","169.16","169.37","523.21","523.07","0.0015082730879678458","BROAD_LEADS"
"2024-04-01","169.60","168.37","523.83","522.16","-0.00408563481291031","MEGACAP_LEADS"
"2024-04-02","167.51","166.92","518.24","518.84","-0.004685490301696769","MEGACAP_LEADS"
"2024-04-03","166.71","167.10","517.72","519.41","-0.0009223368118783308","MEGACAP_LEADS"
"2024-04-04","168.39","165.40","523.52","513.07","0.002247010837976262","BROAD_LEADS"
"2024-04-05","165.59","166.39","514.46","518.43","-0.0028676300930796208","MEGACAP_LEADS"
"2024-04-08","166.63","166.90","519.15","518.72","0.002447665319408956","BROAD_LEADS"
"2024-04-09","167.46","167.56","520.50","519.32","0.002866603865519081","BROAD_LEADS"
"2024-04-10","165.20","164.71","513.48","514.12","-0.004216130317498476","MEGACAP_LEADS"
"2024-04-11","165.01","164.59","515.68","518.00","-0.0070373692610921825","MEGACAP_LEADS"
"2024-04-12","163.55","161.98","514.37","510.85","-0.0027790373515218167","MEGACAP_LEADS"
"2024-04-15","163.65","160.58","515.13","504.45","0.0020128289487811694","BROAD_LEADS"
"2024-04-16","160.41","159.69","504.94","503.53","-0.0017022847436815175","MEGACAP_LEADS"
"2024-04-17","160.47","159.36","506.05","500.55","0.003986769394437265","BROAD_LEADS"
"2024-04-18","159.95","159.21","501.98","499.52","0.00027546004593887504","BROAD_LEADS"
"2024-04-19","159.52","159.81","499.44","495.16","0.010422831473368368","BROAD_LEADS"
"2024-04-22","160.51","161.03","497.83","499.72","-0.0005548511744970191","MEGACAP_LEADS"
"2024-04-23","161.34","162.46","501.78","505.65","-0.0007650756127103491","MEGACAP_LEADS"
"2024-04-24","162.20","162.69","506.56","505.41","0.0052892034661915005","BROAD_LEADS"
"2024-04-25","161.96","162.35","499.18","503.49","-0.006191991453236962","MEGACAP_LEADS"
"2024-04-26","162.00","162.43","506.35","508.26","-0.0011141933943001115","MEGACAP_LEADS"
"2024-04-29","162.89","163.56","510.09","510.06","0.004163584007109494","BROAD_LEADS"
"2024-04-30","162.85","161.20","508.56","501.98","0.0028392227178189074","BROAD_LEADS"
"2024-05-01","160.75","160.65","501.38","500.35","0.001434165523582327","BROAD_LEADS"
"2024-05-02","161.65","161.64","504.15","505.03","-0.0018058545734357765","MEGACAP_LEADS"
"2024-05-03","162.97","162.79","511.16","511.29","-0.0013593993322313642","MEGACAP_LEADS"
"2024-05-06","163.65","164.04","513.75","516.57","-0.003093741579090989","MEGACAP_LEADS"
"2024-05-07","164.50","164.50","517.56","517.14","0.0008118295603890667","BROAD_LEADS"
"2024-05-08","163.94","164.46","515.26","517.19","-0.0005718118762156788","MEGACAP_LEADS"
"2024-05-09","164.42","165.84","517.38","520.17","0.0032212713711338176","BROAD_LEADS"
"2024-05-10","166.40","166.11","521.81","520.84","0.0001163352051586717","BROAD_LEADS"
"2024-05-13","166.66","166.07","522.56","520.91","-0.0003838950628887736","MEGACAP_LEADS"
"2024-05-14","166.60","166.73","521.11","523.30","-0.0034137536328663017","MEGACAP_LEADS"
"2024-05-15","167.71","168.06","525.83","529.78","-0.0053990982915549735","MEGACAP_LEADS"
"2024-05-16","168.17","167.79","529.88","528.69","-1.3857961379269527E-05","MEGACAP_LEADS"
"2024-05-17","167.85","168.04","528.81","529.45","-7.820990135441806E-05","MEGACAP_LEADS"
"2024-05-20","168.19","167.90","529.57","530.06","-0.0026505798490490803","MEGACAP_LEADS"
"2024-05-21","167.77","167.83","529.28","531.36","-0.003564596695386034","MEGACAP_LEADS"
"2024-05-22","167.36","167.19","530.65","529.83","0.000530179204438506","BROAD_LEADS"
"2024-05-23","167.49","164.85","532.96","525.96","-0.002666468245987449","MEGACAP_LEADS"
"2024-05-24","165.55","165.94","527.85","529.44","-0.0006546784947142172","MEGACAP_LEADS"
"2024-05-28","165.96","164.79","530.27","529.81","-0.00620700035805009","MEGACAP_LEADS"
"2024-05-29","163.47","162.86","525.68","526.10","-0.004537197371280597","MEGACAP_LEADS"
"2024-05-30","162.93","163.61","524.52","522.61","0.00781295694614469","BROAD_LEADS"
"2024-05-31","163.94","165.78","523.59","527.37","0.003967646763441181","BROAD_LEADS"
"2024-06-03","166.10","164.90","529.02","527.80","-0.004941972795928791","MEGACAP_LEADS"
"2024-06-04","164.13","164.40","526.46","528.39","-0.002015606255480632","MEGACAP_LEADS"
"2024-06-05","164.77","165.40","530.77","534.67","-0.0035047312345042724","MEGACAP_LEADS"
"2024-06-06","165.17","165.08","534.98","534.66","5.3290518367001016E-05","BROAD_LEADS"
"2024-06-07","164.35","164.56","533.66","534.01","0.0006213119160557308","BROAD_LEADS"
"2024-06-10","163.99","165.00","533.18","535.66","0.001499470327700609","BROAD_LEADS"
"2024-06-11","164.25","164.32","534.07","536.95","-0.004951974977217991","MEGACAP_LEADS"
"2024-06-12","166.17","165.20","541.63","541.36","-0.005355880053406416","MEGACAP_LEADS"
"2024-06-13","164.90","164.73","543.15","542.45","0.0002581500046377396","BROAD_LEADS"
"2024-06-14","163.80","163.68","540.88","542.78","-0.004239507731326497","MEGACAP_LEADS"
"2024-06-17","163.32","164.87","542.08","547.10","0.00022780907556686596","BROAD_LEADS"
"2024-06-18","164.67","165.28","547.16","548.49","0.0012697503541412034","BROAD_LEADS"
"2024-06-20","165.24","165.38","549.44","547.00","0.005297669052586346","BROAD_LEADS"
"2024-06-21","165.50","165.59","544.40","544.51","0.00034162193730358703","BROAD_LEADS"
"2024-06-24","165.29","165.72","544.33","542.74","0.005523406965249494","BROAD_LEADS"
"2024-06-25","165.81","164.58","543.99","544.83","-0.008988735400187322","MEGACAP_LEADS"
"2024-06-26","164.01","163.96","543.69","545.51","-0.0036468113627941947","MEGACAP_LEADS"
"2024-06-27","163.96","164.16","545.37","546.37","-0.0006128721732819328","MEGACAP_LEADS"
"2024-06-28","164.53","164.28","547.16","544.22","0.003867052042791424","BROAD_LEADS"
"2024-07-01","164.80","162.95","545.63","545.34","-0.010757575195677566","MEGACAP_LEADS"
"2024-07-02","162.90","163.68","543.70","549.01","-0.004942245532696475","MEGACAP_LEADS"
"2024-07-03","164.02","163.75","548.69","551.46","-0.0066831846873295995","MEGACAP_LEADS"
"2024-07-05","163.66","163.68","551.77","554.64","-0.005065764749401458","MEGACAP_LEADS"
"2024-07-08","163.92","164.00","555.44","555.28","0.000776025307243879","BROAD_LEADS"
"2024-07-09","163.89","163.72","556.26","555.82","-0.00024650943254299936","MEGACAP_LEADS"
"2024-07-10","164.06","165.07","557.07","561.32","-0.0014628358174753097","MEGACAP_LEADS"
"2024-07-11","165.88","167.06","561.44","556.48","0.015962074618566646","BROAD_LEADS"
"2024-07-12","167.82","168.53","557.63","559.99","-1.4673732455445024E-06","MEGACAP_LEADS"
"2024-07-15","168.75","168.72","562.03","561.53","0.000712234601521654","BROAD_LEADS"
"2024-07-16","169.20","171.71","562.865","564.86","0.011187459852286894","BROAD_LEADS"
"2024-07-17","170.81","171.01","558.80","556.94","0.004504319860910352","BROAD_LEADS"
"2024-07-18","170.85","169.54","558.51","552.66","0.002832447842674784","BROAD_LEADS"
"2024-07-19","169.66","168.40","552.42","548.99","-0.001225932450941809","MEGACAP_LEADS"
"2024-07-22","169.09","169.73","553.00","554.65","0.0007985389607685156","BROAD_LEADS"
"2024-07-23","169.42","169.13","554.54","553.78","-0.0003417437324800645","MEGACAP_LEADS"
"2024-07-24","168.81","167.15","548.86","541.23","0.0041168635017003515","BROAD_LEADS"
"2024-07-25","167.20","167.35","541.35","538.41","0.006342395054346926","BROAD_LEADS"
"2024-07-26","168.62","169.74","542.28","544.44","0.0026449217943168915","BROAD_LEADS"
"2024-07-29","170.14","169.97","546.02","544.76","0.0013105977514368877","BROAD_LEADS"
"2024-07-30","170.64","170.79","546.26","542.00","0.00870770890674991","BROAD_LEADS"
"2024-07-31","172.01","171.60","548.98","550.81","-0.005714338730990683","MEGACAP_LEADS"
"2024-08-01","171.90","169.69","552.57","543.01","0.004512716824431752","BROAD_LEADS"
"2024-08-02","168.23","166.77","535.75","532.90","-0.0033826280466312695","MEGACAP_LEADS"
"2024-08-05","163.42","162.83","511.64","517.38","-0.014773223641527992","MEGACAP_LEADS"
"2024-08-06","163.34","164.50","519.22","522.15","0.0014494347989452185","BROAD_LEADS"
"2024-08-07","166.08","163.34","528.47","518.66","0.0021017947069280896","BROAD_LEADS"
"2024-08-08","164.15","166.30","523.91","530.65","0.000229985887596533","BROAD_LEADS"
"2024-08-09","166.44","166.65","529.81","532.99","-0.004723289917728671","MEGACAP_LEADS"
"2024-08-12","166.70","165.85","534.21","533.27","-0.003350866790777417","MEGACAP_LEADS"
"2024-08-13","166.65","167.74","536.53","542.04","-0.0036979641576430572","MEGACAP_LEADS"
"2024-08-14","168.02","168.09","542.85","543.75","-0.0012400134164310198","MEGACAP_LEADS"
"2024-08-15","169.77","170.37","549.50","553.07","-0.002947839211370619","MEGACAP_LEADS"
"2024-08-16","170.00","170.78","551.42","554.31","-0.0006495863646703917","MEGACAP_LEADS"
"2024-08-19","170.93","172.08","554.73","559.61","-0.002053234660435374","MEGACAP_LEADS"
"2024-08-20","171.91","171.40","559.15","558.70","-0.0021659608806285737","MEGACAP_LEADS"
"2024-08-21","172.09","172.60","559.77","560.62","0.0014418537940999755","BROAD_LEADS"
"2024-08-22","173.00","172.11","562.56","556.22","0.006176108399101586","BROAD_LEADS"
"2024-08-23","173.00","174.30","559.53","562.13","0.0028503637755811504","BROAD_LEADS"
"2024-08-26","174.97","174.27","563.18","560.79","0.000244078973325324","BROAD_LEADS"
"2024-08-27","173.91","174.35","559.49","561.56","-0.0011661215105704028","MEGACAP_LEADS"
"2024-08-28","174.10","173.87","561.21","558.30","0.0038767614781633044","BROAD_LEADS"
"2024-08-29","174.50","174.52","560.31","558.35","0.0036188027147512373","BROAD_LEADS"
"2024-08-30","175.08","175.87","560.77","563.68","-0.000673801885010602","MEGACAP_LEADS"
"2024-09-03","175.00","173.61","560.47","552.08","0.007108184458162714","BROAD_LEADS"
"2024-09-04","173.44","173.36","550.20","550.95","-0.001823573466489568","MEGACAP_LEADS"
"2024-09-05","173.61","172.30","550.89","549.61","-0.0052480443143331215","MEGACAP_LEADS"
"2024-09-06","172.52","170.45","549.94","540.36","0.005502424069368721","BROAD_LEADS"
"2024-09-09","171.51","172.10","544.65","546.41","0.00020790610230914455","BROAD_LEADS"
"2024-09-10","172.46","172.20","548.36","548.79","-0.002292582634165048","MEGACAP_LEADS"
"2024-09-11","171.60","172.28","548.70","554.42","-0.006415805064102237","MEGACAP_LEADS"
"2024-09-12","172.31","173.35","555.01","559.09","-0.0013068384064567617","MEGACAP_LEADS"
"2024-09-13","174.01","175.01","559.71","562.01","0.0016294954429034248","BROAD_LEADS"
"2024-09-16","175.63","176.28","561.74","562.84","0.0017378440139481197","BROAD_LEADS"
"2024-09-17","176.68","176.54","565.10","563.07","0.00280604516329047","BROAD_LEADS"
"2024-09-18","176.89","176.21","563.74","561.40","0.0003078834978009885","BROAD_LEADS"
"2024-09-19","178.55","178.09","571.01","570.98","-0.002527093687908964","MEGACAP_LEADS"
"2024-09-20","177.58","177.44","567.84","568.25","-0.0015104618365900885","MEGACAP_LEADS"
"2024-09-23","177.25","177.65","569.34","569.67","0.0016747064630865311","BROAD_LEADS"
"2024-09-24","178.04","177.91","570.48","571.30","-0.002166793711338032","MEGACAP_LEADS"
"2024-09-25","178.10","176.81","571.14","570.04","-0.005341650919360436","MEGACAP_LEADS"
"2024-09-26","178.11","178.29","574.38","572.30","0.004637969867245307","BROAD_LEADS"
"2024-09-27","179.02","178.93","573.39","571.47","0.002851261506877348","BROAD_LEADS"
"2024-09-30","178.77","179.16","570.42","573.76","-0.003659060905671906","MEGACAP_LEADS"
"2024-10-01","178.95","178.21","573.40","568.62","0.0042273737120841265","BROAD_LEADS"
"2024-10-02","177.73","178.02","567.71","568.86","-0.0003932744400312381","MEGACAP_LEADS"
"2024-10-03","177.45","177.18","567.36","567.82","-0.0023331583116145095","MEGACAP_LEADS"
"2024-10-04","178.67","178.57","572.35","572.98","-0.0016599674631759447","MEGACAP_LEADS"
"2024-10-07","178.02","177.18","571.30","567.80","0.0014154831446469406","BROAD_LEADS"
"2024-10-08","177.37","177.60","570.42","573.17","-0.0035135408918144915","MEGACAP_LEADS"
"2024-10-09","177.64","178.82","573.16","577.14","-0.0002992786609066246","MEGACAP_LEADS"
"2024-10-10","178.47","178.15","575.77","576.13","-0.0024196820946114357","MEGACAP_LEADS"
"2024-10-11","178.48","179.90","576.05","579.58","0.0018153500213562261","BROAD_LEADS"
"2024-10-14","180.01","181.22","581.22","584.32","0.00137992259110106","BROAD_LEADS"
"2024-10-15","181.26","180.40","584.59","579.78","0.0035061685801486405","BROAD_LEADS"
"2024-10-16","180.85","181.62","579.78","582.30","-8.842374022678939E-05","MEGACAP_LEADS"
"2024-10-17","182.12","181.33","585.91","582.35","0.0017473178147856165","BROAD_LEADS"
"2024-10-18","181.86","181.87","584.07","584.59","-0.000834922317444545","MEGACAP_LEADS"
"2024-10-21","181.59","180.32","583.85","583.63","-0.006641468157917725","MEGACAP_LEADS"
"2024-10-22","179.60","179.51","581.05","583.32","-0.004400348361602322","MEGACAP_LEADS"
"2024-10-23","178.99","178.92","581.26","577.99","0.005250433776237156","BROAD_LEADS"
"2024-10-24","179.47","178.96","579.98","579.24","-0.0015690251324123167","MEGACAP_LEADS"
"2024-10-25","179.94","178.11","581.51","579.04","-0.005965516138299976","MEGACAP_LEADS"
"2024-10-28","178.85","179.12","582.58","580.83","0.004516906581794019","BROAD_LEADS"
"2024-10-29","178.55","178.58","579.85","581.77","-0.0031377251689230614","MEGACAP_LEADS"
"2024-10-30","177.94","178.19","581.29","580.01","0.003608408889629433","BROAD_LEADS"
"2024-10-31","177.73","176.29","575.56","568.64","0.003960756454681963","BROAD_LEADS"
"2024-11-01","176.94","176.40","571.32","571.04","-0.002566335229971202","MEGACAP_LEADS"
"2024-11-04","176.59","176.61","571.18","569.81","0.0025146747626564213","BROAD_LEADS"
"2024-11-05","176.68","178.67","570.74","576.70","0.0008119060458397949","BROAD_LEADS"
"2024-11-06","183.34","182.90","589.20","591.04","-0.0055208095592093245","MEGACAP_LEADS"
"2024-11-07","183.39","183.08","593.08","595.61","-0.005948610234190456","MEGACAP_LEADS"
"2024-11-08","183.29","184.10","596.17","598.19","0.0010269223092121056","BROAD_LEADS"
"2024-11-11","184.82","185.02","599.81","598.76","0.0028336372362466958","BROAD_LEADS"
"2024-11-12","184.74","183.61","598.68","596.90","-0.0031578517440262236","MEGACAP_LEADS"
"2024-11-13","183.94","183.71","597.37","597.19","-0.0009498239580148115","MEGACAP_LEADS"
"2024-11-14","183.79","182.24","597.32","593.35","-0.0018007627005907287","MEGACAP_LEADS"
"2024-11-15","181.90","180.94","589.72","585.75","0.0014631696672329705","BROAD_LEADS"
"2024-11-18","181.11","181.67","586.22","588.15","-0.0001995986890089012","MEGACAP_LEADS"
"2024-11-19","180.105","181.18","584.71","590.30","-0.00356388633316465","MEGACAP_LEADS"
"2024-11-20","181.31","181.79","590.38","590.50","0.002440663028562976","BROAD_LEADS"
"2024-11-21","182.40","184.08","593.40","593.67","0.008713466514678895","BROAD_LEADS"
"2024-11-22","184.52","185.53","593.66","595.51","0.0023473189957878664","BROAD_LEADS"
"2024-11-25","187.16","187.21","599.52","597.53","0.0035919587172921095","BROAD_LEADS"
"2024-11-26","187.26","187.23","598.80","600.65","-0.0032449675185925436","MEGACAP_LEADS"
"2024-11-27","187.51","187.05","600.46","598.83","0.0002620601256748036","BROAD_LEADS"
"2024-11-29","187.46","187.62","599.66","602.55","-0.003954670160691627","MEGACAP_LEADS"
"2024-12-02","187.70","187.15","602.97","603.63","-0.004028492444120063","MEGACAP_LEADS"
"2024-12-03","187.15","186.32","603.39","603.91","-0.005306235150821819","MEGACAP_LEADS"
"2024-12-04","186.57","186.33","605.63","607.66","-0.004633485023011945","MEGACAP_LEADS"
"2024-12-05","186.32","185.40","607.66","606.66","-0.0033029597523645017","MEGACAP_LEADS"
"2024-12-06","186.05","185.19","607.44","607.81","-0.005242057941606039","MEGACAP_LEADS"
"2024-12-09","185.71","184.43","607.69","604.68","-0.0019508384727426175","MEGACAP_LEADS"
"2024-12-10","184.46","183.30","605.37","602.80","-0.0020541083683512755","MEGACAP_LEADS"
"2024-12-11","184.12","183.47","605.78","607.46","-0.00630599813187834","MEGACAP_LEADS"
"2024-12-12","183.44","182.80","606.58","604.33","0.00022123817349311778","BROAD_LEADS"
"2024-12-13","182.80","182.16","606.40","604.21","0.00011077743699811635","BROAD_LEADS"
"2024-12-16","182.19","181.56","606.00","606.79","-0.0047667023640678595","MEGACAP_LEADS"
"2024-12-17","180.91","180.13","604.19","604.29","-0.004486354751529314","MEGACAP_LEADS"
"2024-12-18","180.36","174.80","603.98","586.28","-0.0015687966867483118","MEGACAP_LEADS"
"2024-12-19","175.70","174.22","591.36","586.10","0.00047541872857554367","BROAD_LEADS"
"2024-12-20","173.96","176.66","581.77","591.15","-0.0005930181013257541","MEGACAP_LEADS"
"2024-12-23","175.40","176.28","590.89","594.69","-0.0014058264633804067","MEGACAP_LEADS"
"2024-12-24","176.37","177.61","596.06","601.30","-0.0017465707092707188","MEGACAP_LEADS"
"2024-12-26","176.95","177.90","599.50","601.34","0.00228986398038025","BROAD_LEADS"
"2024-12-27","177.00","176.69","597.54","595.01","0.0024900670992451905","BROAD_LEADS"
"2024-12-30","175.25","174.91","587.89","588.22","-0.0025031420096722256","MEGACAP_LEADS"
"2024-12-31","175.53","175.23","589.905","586.08","0.004794636207560842","BROAD_LEADS"
"2025-01-02","176.32","174.72","589.39","584.64","-0.0010240028445031406","MEGACAP_LEADS"
"2025-01-03","175.25","176.32","587.53","591.95","-0.001407863263407078","MEGACAP_LEADS"
"2025-01-06","177.13","176.20","596.27","595.36","-0.0037368927438016933","MEGACAP_LEADS"
"2025-01-07","176.81","175.61","597.42","588.63","0.008012498225693322","BROAD_LEADS"
"2025-01-08","175.175","175.82","588.70","589.49","0.0023342298955212623","BROAD_LEADS"
"2025-01-10","174.66","173.25","585.88","580.49","0.0011368270738187861","BROAD_LEADS"
"2025-01-13","172.56","174.67","575.77","581.39","0.002439964641588764","BROAD_LEADS"
"2025-01-14","175.43","176.08","584.36","582.19","0.007418710605516691","BROAD_LEADS"
"2025-01-15","178.73","177.77","590.325","592.78","-0.009535809792167926","MEGACAP_LEADS"
"2025-01-16","177.92","179.17","594.175","591.64","0.011276611713850002","BROAD_LEADS"
"2025-01-17","180.09","180.04","596.96","597.58","-0.001315734090708274","MEGACAP_LEADS"
"2025-01-21","181.09","182.13","600.67","603.05","0.0017721594022924135","BROAD_LEADS"
"2025-01-22","182.28","181.49","605.92","606.44","-0.005201241687268838","MEGACAP_LEADS"
"2025-01-23","181.59","182.35","605.80","609.75","-0.002322619819909228","MEGACAP_LEADS"
"2025-01-24","182.11","182.19","609.81","607.97","0.0034610930653033445","BROAD_LEADS"
"2025-01-27","181.26","182.31","594.81","599.37","-0.0018610065726485832","MEGACAP_LEADS"
"2025-01-28","182.30","181.41","600.62","604.52","-0.011366318405209921","MEGACAP_LEADS"
"2025-01-29","181.42","180.81","603.72","601.81","-0.00019929560661303448","MEGACAP_LEADS"
"2025-01-30","181.84","182.74","603.96","605.04","0.0031505970546819567","BROAD_LEADS"
"2025-01-31","182.40","181.24","607.50","601.82","0.003013820097254042","BROAD_LEADS"
"2025-02-03","178.915","180.25","592.67","597.77","-0.001134369454288544","MEGACAP_LEADS"
"2025-02-04","179.86","180.47","597.83","601.78","-0.003199708925730429","MEGACAP_LEADS"
"2025-02-05","180.90","181.35","600.64","604.22","-0.003458143300898627","MEGACAP_LEADS"
"2025-02-06","182.10","181.11","605.99","606.32","-0.005995820477895687","MEGACAP_LEADS"
"2025-02-07","181.68","180.22","606.89","600.77","0.002066818755434229","BROAD_LEADS"
"2025-02-10","181.03","180.73","604.03","604.85","-0.00301518637063317","MEGACAP_LEADS"
"2025-02-11","180.13","180.75","602.55","605.31","-0.0011340254178883085","MEGACAP_LEADS"
"2025-02-12","178.75","179.70","599.20","603.36","-0.001617989091640854","MEGACAP_LEADS"
"2025-02-13","180.30","181.26","604.48","609.73","-0.0033373174995751497","MEGACAP_LEADS"
"2025-02-14","181.75","181.08","609.94","609.70","-0.00329963508574852","MEGACAP_LEADS"
"2025-02-18","181.56","182.47","610.88","611.49","0.004001537133812964","BROAD_LEADS"
"2025-02-19","182.00","182.84","610.08","612.93","-5.587442382804387E-05","MEGACAP_LEADS"
"2025-02-20","182.62","182.38","611.54","610.38","0.0005835831905602004","BROAD_LEADS"
"2025-02-21","182.62","179.82","610.16","599.94","0.0014404270086028192","BROAD_LEADS"
"2025-02-24","180.37","179.97","602.02","597.21","0.005801730665376753","BROAD_LEADS"
"2025-02-25","180.22","180.15","597.15","594.24","0.004496570337305802","BROAD_LEADS"
"2025-02-26","180.71","179.77","595.93","594.54","-0.002880067147442632","MEGACAP_LEADS"
"2025-02-27","179.80","178.20","596.85","585.05","0.011029904875269416","BROAD_LEADS"
"2025-02-28","178.68","180.18","585.56","594.18","-0.006253794718679278","MEGACAP_LEADS"
"2025-03-03","180.88","178.26","596.18","583.77","0.0064448959859777985","BROAD_LEADS"
"2025-03-04","177.27","175.38","579.71","576.86","-0.005790569927907894","MEGACAP_LEADS"
"2025-03-05","175.22","177.01","576.69","583.06","-0.0008213356592555055","MEGACAP_LEADS"
"2025-03-06","175.41","175.05","575.48","572.71","0.002770551317507061","BROAD_LEADS"
"2025-03-07","174.59","176.69","570.90","575.92","0.0032017174410419406","BROAD_LEADS"
"2025-03-10","175.08","174.20","567.59","560.58","0.0073884171526027","BROAD_LEADS"
"2025-03-11","174.23","171.88","559.40","555.92","-0.007339324766232045","MEGACAP_LEADS"
"2025-03-12","172.61","171.07","562.17","558.87","-0.003074477648440317","MEGACAP_LEADS"
"2025-03-13","171.08","169.43","558.49","551.42","0.0030485228160071973","BROAD_LEADS"
"2025-03-14","170.87","172.66","556.11","562.81","-0.0015546676274276819","MEGACAP_LEADS"
"2025-03-17","172.55","174.99","562.79","567.15","0.00632451766561736","BROAD_LEADS"
"2025-03-18","174.78","174.08","564.80","561.02","0.0027020541360981394","BROAD_LEADS"
"2025-03-19","174.26","175.37","562.83","567.13","-0.0012613347420750093","MEGACAP_LEADS"
"2025-03-20","174.56","174.64","563.33","565.49","-0.0033688197051941764","MEGACAP_LEADS"
"2025-03-21","173.47","173.84","559.28","563.98","-0.0062378854978089844","MEGACAP_LEADS"
"2025-03-24","174.64","175.69","570.80","574.08","0.00026449230757897256","BROAD_LEADS"
"2025-03-25","175.96","175.27","575.30","575.46","-0.004207131494101568","MEGACAP_LEADS"
"2025-03-26","175.62","174.94","575.19","568.59","0.007661297051950669","BROAD_LEADS"
"2025-03-27","174.65","174.49","567.18","567.08","-0.0007402114267853753","MEGACAP_LEADS"
"2025-03-28","174.41","171.80","565.53","555.66","0.0025289084062758826","BROAD_LEADS"
"2025-03-31","170.79","173.23","549.83","559.39","-0.00305230511331063","MEGACAP_LEADS"
"2025-04-01","173.00","173.41","557.45","560.97","-0.0039274766307190664","MEGACAP_LEADS"
"2025-04-02","171.94","174.86","555.05","564.52","-7.753776070324944E-05","MEGACAP_LEADS"
"2025-04-03","170.00","166.53","545.11","536.70","-0.005074633703151534","MEGACAP_LEADS"
"2025-04-04","162.85","157.18","523.67","505.28","0.0003110975881360639","BROAD_LEADS"
"2025-04-07","153.64","155.87","489.19","504.38","-0.01616886714392281","MEGACAP_LEADS"
"2025-04-08","160.33","152.93","521.86","496.48","0.0026022611362917364","BROAD_LEADS"
"2025-04-09","151.24","165.16","493.44","548.62","-0.01795804134347663","MEGACAP_LEADS"
"2025-04-10","162.15","159.60","532.17","524.58","-0.001486102989515438","MEGACAP_LEADS"
"2025-04-11","159.39","162.02","523.01","533.94","-0.004317133484421934","MEGACAP_LEADS"
"2025-04-14","164.27","164.09","544.05","539.12","0.008006615993009879","BROAD_LEADS"
"2025-04-15","164.34","163.56","539.675","537.61","-0.0009238407120754424","MEGACAP_LEADS"
"2025-04-16","162.90","161.46","531.68","525.66","0.002508107058826776","BROAD_LEADS"
"2025-04-17","161.83","162.66","527.64","526.41","0.007449587399400306","BROAD_LEADS"
"2025-04-21","161.39","159.39","521.16","513.88","0.0015975542545523212","BROAD_LEADS"
"2025-04-22","161.19","163.32","520.14","527.25","-0.00044914020774474567","MEGACAP_LEADS"
"2025-04-23","166.51","164.90","540.43","535.42","-0.00040250476951925185","MEGACAP_LEADS"
"2025-04-24","165.21","167.69","536.715","546.69","-0.0035150419827034533","MEGACAP_LEADS"
"2025-04-25","167.27","167.45","546.65","550.64","-0.006196968293318844","MEGACAP_LEADS"
"2025-04-28","167.72","167.92","551.39","550.85","0.002171576194287844","BROAD_LEADS"
"2025-04-29","167.45","168.90","548.91","554.32","-0.0011856191010005783","MEGACAP_LEADS"
"2025-04-30","167.15","169.14","547.57","554.54","-0.0008134723617916513","MEGACAP_LEADS"
"2025-05-01","169.14","168.91","560.37","558.47","0.0020356324198254954","BROAD_LEADS"
"2025-05-02","171.02","171.89","564.73","566.76","0.0014860357373002787","BROAD_LEADS"
"2025-05-05","170.93","171.32","562.57","563.51","0.0006095280081507635","BROAD_LEADS"
"2025-05-06","169.92","170.05","557.93","558.80","-0.0007933474998012461","MEGACAP_LEADS"
"2025-05-07","170.60","171.17","560.15","561.15","0.0015519351924614406","BROAD_LEADS"
"2025-05-08","172.24","172.61","565.24","565.06","0.0024643608585863206","BROAD_LEADS"
"2025-05-09","173.03","172.57","566.48","564.34","0.0011228299901159602","BROAD_LEADS"
"2025-05-12","177.26","177.30","581.47","582.99","-0.00238502186061029","MEGACAP_LEADS"
"2025-05-13","177.43","177.70","583.41","586.84","-0.004341441861425279","MEGACAP_LEADS"
"2025-05-14","177.55","176.63","587.81","587.59","-0.004820769567382154","MEGACAP_LEADS"
"2025-05-15","176.26","178.24","585.56","590.46","0.00283753923166649","BROAD_LEADS"
"2025-05-16","178.42","179.99","591.25","594.20","0.003783949083385886","BROAD_LEADS"
"2025-05-19","178.36","179.97","588.10","594.85","-0.002426080882789469","MEGACAP_LEADS"
"2025-05-20","179.485","179.50","593.09","592.85","0.0004883111867152455","BROAD_LEADS"
"2025-05-21","178.09","175.59","588.44","582.86","-0.004609361426327762","MEGACAP_LEADS"
"2025-05-22","175.13","175.03","582.66","583.09","-0.0013088900115338009","MEGACAP_LEADS"
"2025-05-23","173.215","174.33","575.98","579.11","0.0009969529093951587","BROAD_LEADS"
"2025-05-27","176.46","177.58","586.07","591.15","-0.002303566131024972","MEGACAP_LEADS"
"2025-05-28","177.56","176.07","591.56","587.73","-0.0019314801969640234","MEGACAP_LEADS"
"2025-05-29","176.73","176.50","593.06","590.05","0.003786027417666766","BROAD_LEADS"
"2025-05-30","176.00","176.43","588.93","589.39","0.0016594294367259276","BROAD_LEADS"
"2025-06-02","176.07","176.57","587.76","592.71","-0.0055507842050474595","MEGACAP_LEADS"
"2025-06-03","176.52","178.04","592.34","596.09","0.0022631917171484304","BROAD_LEADS"
"2025-06-04","178.31","177.64","596.96","595.93","-0.0020376791523743125","MEGACAP_LEADS"
"2025-06-05","177.85","177.16","597.63","593.05","0.0038059015470507714","BROAD_LEADS"
"2025-06-06","178.66","178.69","598.66","599.14","-0.0006335667865196609","MEGACAP_LEADS"
"2025-06-09","179.13","178.72","599.72","599.68","-0.002224763889420278","MEGACAP_LEADS"
"2025-06-10","179.16","179.61","600.22","603.08","-0.0022450309674281956","MEGACAP_LEADS"
"2025-06-11","180.00","179.10","604.19","601.36","-0.00031758068814193366","MEGACAP_LEADS"
"2025-06-12","178.62","179.52","600.01","603.75","-0.0011879051442653327","MEGACAP_LEADS"
"2025-06-13","178.19","177.35","598.50","597.00","-0.002215803914266681","MEGACAP_LEADS"
"2025-06-16","178.36","179.06","600.40","602.68","0.0001266892729530674","BROAD_LEADS"
"2025-06-17","178.32","177.34","600.21","597.53","-0.0010357928955647099","MEGACAP_LEADS"
"2025-06-18","177.34","177.36","598.44","597.44","0.0017851803488687426","BROAD_LEADS"
"2025-06-20","178.38","177.65","598.38","594.28","0.0027746311016542905","BROAD_LEADS"
"2025-06-23","176.94","178.49","595.04","600.15","0.00017089139158292","BROAD_LEADS"
"2025-06-24","179.42","180.18","604.33","606.78","0.00018104430175086995","BROAD_LEADS"
"2025-06-25","179.97","178.88","607.91","607.12","-0.004774600768633411","MEGACAP_LEADS"
"2025-06-26","179.44","180.23","608.99","611.87","-0.00032507164111568974","MEGACAP_LEADS"
"2025-06-27","180.59","180.89","612.88","614.91","-0.0016469141762894752","MEGACAP_LEADS"
"2025-06-30","181.16","181.74","617.38","617.85","0.0024354836624084753","BROAD_LEADS"
"2025-07-01","181.30","183.87","616.36","617.65","0.01198512283577461","BROAD_LEADS"
"2025-07-02","183.80","184.29","617.24","620.45","-0.002524700095265685","MEGACAP_LEADS"
"2025-07-03","184.65","185.18","622.45","625.34","-0.0017660142729187525","MEGACAP_LEADS"
"2025-07-07","184.75","183.70","623.36","620.68","-0.0013910178083988423","MEGACAP_LEADS"
"2025-07-08","183.76","184.16","621.35","620.34","0.0038012020180765915","BROAD_LEADS"
"2025-07-09","184.75","184.71","622.77","624.06","-0.0022857805873665676","MEGACAP_LEADS"
"2025-07-10","184.71","185.78","624.20","625.82","0.003184190388362802","BROAD_LEADS"
"2025-07-11","184.64","184.42","622.74","623.62","-0.0026043305137416553","MEGACAP_LEADS"
"2025-07-14","184.125","184.61","623.16","624.81","-1.3678875122673587E-05","MEGACAP_LEADS"
"2025-07-15","184.88","182.05","627.52","622.14","-0.006815196134943127","MEGACAP_LEADS"
"2025-07-16","182.67","182.76","623.74","624.22","-0.00027668505630924225","MEGACAP_LEADS"
"2025-07-17","182.83","184.25","624.40","628.04","0.0019241016629885366","BROAD_LEADS"
"2025-07-18","184.81","184.18","629.30","627.58","-0.0006777923911713462","MEGACAP_LEADS"
"2025-07-21","184.57","183.55","628.77","628.77","-0.005541685376356459","MEGACAP_LEADS"
"2025-07-22","183.82","185.89","629.10","628.86","0.011579653154932158","BROAD_LEADS"
"2025-07-23","186.93","187.43","631.55","634.21","-0.0015317875098599869","MEGACAP_LEADS"
"2025-07-24","187.15","186.83","634.60","634.42","-0.0014276384045036196","MEGACAP_LEADS"
"2025-07-25","187.16","187.73","635.09","637.10","-0.0001190136511020263","MEGACAP_LEADS"
"2025-07-28","187.69","186.62","637.48","636.94","-0.00486975748394997","MEGACAP_LEADS"
"2025-07-29","187.01","186.53","638.35","635.26","0.002282351051906862","BROAD_LEADS"
"2025-07-30","186.52","185.32","635.92","634.46","-0.004155885528872892","MEGACAP_LEADS"
"2025-07-31","184.59","183.63","639.455","632.08","0.006385996764502544","BROAD_LEADS"
"2025-08-01","182.26","181.56","626.30","621.72","0.0034915974369539803","BROAD_LEADS"
"2025-08-04","182.27","183.78","625.67","631.17","-0.00050187849442823","MEGACAP_LEADS"
"2025-08-05","184.01","183.27","631.79","627.97","0.0020350371941151267","BROAD_LEADS"
"2025-08-06","183.48","182.86","629.05","632.78","-0.009296902586949646","MEGACAP_LEADS"
"2025-08-07","184.04","182.75","636.24","632.25","-0.0007430615585746151","MEGACAP_LEADS"
"2025-08-08","183.18","183.08","634.06","637.18","-0.005454663229797389","MEGACAP_LEADS"
"2025-08-11","183.31","182.58","637.46","635.92","-0.0015715148932096633","MEGACAP_LEADS"
"2025-08-12","183.20","184.90","638.29","642.69","0.002366918780655429","BROAD_LEADS"
"2025-08-13","185.54","187.54","644.91","644.89","0.0107526763264429","BROAD_LEADS"
"2025-08-14","186.25","186.32","642.79","644.95","-0.002978949290776067","MEGACAP_LEADS"
"2025-08-15","186.70","185.86","645.99","643.44","-0.0005541072276708595","MEGACAP_LEADS"
"2025-08-18","185.82","185.82","642.86","643.30","-0.0006842072792887362","MEGACAP_LEADS"
"2025-08-19","185.91","186.69","643.12","639.81","0.009346876349204832","BROAD_LEADS"
"2025-08-20","186.72","186.52","639.40","638.11","0.0009478577512719159","BROAD_LEADS"
"2025-08-21","185.93","185.87","636.28","635.55","0.0008251981177720439","BROAD_LEADS"
"2025-08-22","186.82","189.49","637.76","645.31","0.0024218817713122995","BROAD_LEADS"
"2025-08-25","188.985","188.04","644.04","642.47","-0.0025722277702725843","MEGACAP_LEADS"
"2025-08-26","187.815","188.17","642.20","645.16","-0.0027101926260357243","MEGACAP_LEADS"
"2025-08-27","188.02","188.85","644.57","646.63","0.0012138760653578788","BROAD_LEADS"
"2025-08-28","189.18","188.76","647.24","648.92","-0.004814849937428518","MEGACAP_LEADS"
"2025-08-29","188.65","188.62","647.47","645.05","0.003585589988272181","BROAD_LEADS"
"2025-09-02","186.74","187.13","637.50","640.27","-0.002249397922981587","MEGACAP_LEADS"
"2025-09-03","186.77","186.84","642.67","643.74","-0.0012888223573965082","MEGACAP_LEADS"
"2025-09-04","187.18","188.22","644.42","649.12","-0.0017261413121973266","MEGACAP_LEADS"
"2025-09-05","188.67","188.44","651.48","647.24","0.005309725782071506","BROAD_LEADS"
"2025-09-08","188.48","188.29","648.62","648.83","-0.0013322848541237795","MEGACAP_LEADS"
"2025-09-09","187.98","187.71","648.97","650.33","-0.003530791204807559","MEGACAP_LEADS"
"2025-09-10","187.70","187.52","653.62","652.21","0.0012001096713184904","BROAD_LEADS"
"2025-09-11","187.72","190.33","654.18","657.63","0.008547996580475297","BROAD_LEADS"
"2025-09-12","190.09","188.96","657.60","657.41","-0.005673320580468074","MEGACAP_LEADS"
"2025-09-15","189.315","188.63","659.64","660.91","-0.005548311604568001","MEGACAP_LEADS"
"2025-09-16","188.64","188.13","661.47","660.00","-0.00048242753381454997","MEGACAP_LEADS"
"2025-09-17","188.37","188.31","660.01","659.18","0.0009397752950865478","BROAD_LEADS"
"2025-09-18","188.83","189.54","661.89","662.26","0.0031940955610272556","BROAD_LEADS"
"2025-09-19","190.00","189.21","662.33","663.70","-0.006232881810284919","MEGACAP_LEADS"
"2025-09-22","187.82","188.48","662.20","666.84","-0.0034746688799299832","MEGACAP_LEADS"
"2025-09-23","188.60","188.71","666.72","663.21","0.005861560500663148","BROAD_LEADS"
"2025-09-24","188.71","188.27","664.51","661.10","0.00281047020510411","BROAD_LEADS"
"2025-09-25","187.61","186.72","657.94","658.05","-0.004922346040265722","MEGACAP_LEADS"
"2025-09-26","187.225","188.57","659.51","661.82","0.003661708006752337","BROAD_LEADS"
"2025-09-29","189.40","189.20","664.36","663.68","-3.24585045097278E-05","MEGACAP_LEADS"
"2025-09-30","188.86","189.70","662.93","666.18","-0.0004526232701713437","MEGACAP_LEADS"
"2025-10-01","189.27","190.13","663.17","668.45","-0.0033967501836836096","MEGACAP_LEADS"
"2025-10-02","190.20","190.58","670.45","669.22","0.0038321774367650503","BROAD_LEADS"
"2025-10-03","190.91","191.25","669.99","669.21","0.0029442345837700354","BROAD_LEADS"
"2025-10-06","192.10","191.19","671.62","671.61","-0.00473348229738446","MEGACAP_LEADS"
"2025-10-07","191.63","190.35","672.54","669.12","-0.0016037736311072213","MEGACAP_LEADS"
"2025-10-08","190.59","190.97","670.25","673.11","-0.0022661627229557998","MEGACAP_LEADS"
"2025-10-09","191.11","189.39","673.53","671.16","-0.005515817786509317","MEGACAP_LEADS"
"2025-10-10","189.59","185.12","672.13","653.02","0.004984435147252185","BROAD_LEADS"
"2025-10-13","186.43","186.92","660.65","663.04","-0.0009862370059277067","MEGACAP_LEADS"
"2025-10-14","185.55","188.47","657.17","662.23","0.007944264817980348","BROAD_LEADS"
"2025-10-15","189.40","188.85","666.82","665.17","-0.0004306342489764159","MEGACAP_LEADS"
"2025-10-16","189.22","187.06","666.82","660.64","-0.0021698559796455522","MEGACAP_LEADS"
"2025-10-17","187.04","188.01","659.50","664.39","-0.002214699113573384","MEGACAP_LEADS"
"2025-10-20","189.02","189.89","667.32","671.30","-0.001354312386817668","MEGACAP_LEADS"
"2025-10-21","189.86","190.76","671.44","671.29","0.0049525603867277","BROAD_LEADS"
"2025-10-22","190.84","189.84","672.00","667.80","0.0010158444931973598","BROAD_LEADS"
"2025-10-23","190.12","190.74","668.12","671.76","-0.0021775433486032328","MEGACAP_LEADS"
"2025-10-24","192.11","191.26","676.46","677.25","-0.005601528685443377","MEGACAP_LEADS"
"2025-10-27","192.23","192.11","682.73","685.24","-0.004294122361075728","MEGACAP_LEADS"
"2025-10-28","191.76","190.46","687.05","687.06","-0.00681694623574851","MEGACAP_LEADS"
"2025-10-29","189.85","188.33","688.72","687.39","-0.006105557860817031","MEGACAP_LEADS"
"2025-10-30","187.51","187.52","683.90","679.83","0.006022270256127932","BROAD_LEADS"
"2025-10-31","187.11","187.93","685.04","682.06","0.008732474066962486","BROAD_LEADS"
"2025-11-03","187.97","187.47","685.67","683.34","0.00074037988802349","BROAD_LEADS"
"2025-11-04","186.20","186.23","676.11","675.24","0.0014487055659439117","BROAD_LEADS"
"2025-11-05","186.18","187.32","674.98","677.58","0.002259870467297176","BROAD_LEADS"
"2025-11-06","187.14","186.00","676.47","670.31","0.003037482649212603","BROAD_LEADS"
"2025-11-07","185.67","187.56","667.91","670.97","0.005556897139539417","BROAD_LEADS"
"2025-11-10","188.28","188.64","677.235","681.44","-0.004279653593100441","MEGACAP_LEADS"
"2025-11-11","188.87","189.73","679.95","683.00","6.746765246547042E-05","BROAD_LEADS"
"2025-11-12","189.94","190.18","684.79","683.38","0.003323907398231912","BROAD_LEADS"
"2025-11-13","189.64","188.03","680.50","672.04","0.003983946063784868","BROAD_LEADS"
"2025-11-14","187.12","187.34","665.38","671.93","-0.008620836901551762","MEGACAP_LEADS"
"2025-11-17","187.115","184.88","669.70","665.67","-0.005980636462357483","MEGACAP_LEADS"
"2025-11-18","184.335","184.99","662.095","660.08","0.0065950255354795895","BROAD_LEADS"
"2025-11-19","184.86","184.43","660.78","662.63","-0.005124603762596296","MEGACAP_LEADS"
"2025-11-20","186.24","182.18","672.91","652.53","0.008713520755196505","BROAD_LEADS"
"2025-11-21","183.21","185.76","655.05","659.03","0.007764993659279059","BROAD_LEADS"
"2025-11-24","186.19","186.53","662.69","668.73","-0.007248655676326982","MEGACAP_LEADS"
"2025-11-25","186.98","189.18","668.63","675.02","0.002185806315375436","BROAD_LEADS"
"2025-11-26","189.40","190.50","677.63","679.68","0.002770330907007499","BROAD_LEADS"
"2025-11-28","190.71","191.53","680.86","683.39","0.0005815028284427556","BROAD_LEADS"
"2025-12-01","190.34","190.22","678.81","680.27","-0.002779162645298958","MEGACAP_LEADS"
"2025-12-02","190.74","190.04","681.92","681.53","-0.0031045896324252884","MEGACAP_LEADS"
"2025-12-03","190.27","191.49","680.57","683.89","0.0015250682486499505","BROAD_LEADS"
"2025-12-04","191.48","191.55","685.30","684.39","0.0016942746412345862","BROAD_LEADS"
"2025-12-05","191.82","192.00","685.47","685.69","0.0006170435497217647","BROAD_LEADS"
"2025-12-08","192.235","190.85","686.59","683.63","-0.002910321938359618","MEGACAP_LEADS"
"2025-12-09","190.71","190.49","683.15","683.04","-0.0009932180909755092","MEGACAP_LEADS"
"2025-12-10","190.76","193.17","682.56","687.57","0.005241329531738512","BROAD_LEADS"
"2025-12-11","193.02","194.73","685.14","689.17","0.0029553951986975935","BROAD_LEADS"
"2025-12-12","195.33","193.41","688.17","681.76","-0.000519937243697725","MEGACAP_LEADS"
"2025-12-15","194.51","193.65","685.74","680.73","0.002901625718433924","BROAD_LEADS"
"2025-12-16","193.77","192.29","679.23","678.87","-0.007137087118757787","MEGACAP_LEADS"
"2025-12-17","192.45","191.77","679.89","671.40","0.009026293388683517","BROAD_LEADS"
"2025-12-18","192.92","192.18","677.60","676.47","-0.0021741197433344816","MEGACAP_LEADS"
"2025-12-19","192.24","192.88","676.59","680.59","-0.002570950140021092","MEGACAP_LEADS"
"2025-12-22","192.61","193.54","683.94","684.83","0.0035163525542205127","BROAD_LEADS"
"2025-12-23","193.34","193.09","683.92","687.96","-0.0071836405723255375","MEGACAP_LEADS"
"2025-12-24","193.17","193.79","687.95","690.38","-0.0003215414420460433","MEGACAP_LEADS"
"2025-12-26","193.80","193.84","690.64","690.31","0.0006843089192050931","BROAD_LEADS"
"2025-12-29","193.61","193.52","687.54","687.85","-0.000915741339894999","MEGACAP_LEADS"
"2025-12-30","193.54","193.21","687.445","687.01","-0.0010735509961165282","MEGACAP_LEADS"
"2025-12-31","193.16","191.56","687.14","681.92","-0.0006920784094936773","MEGACAP_LEADS"
"2026-01-02","192.21","192.86","685.71","683.17","0.007087080081118329","BROAD_LEADS"
"2026-01-05","193.01","194.65","686.54","687.72","0.0067437847508525755","BROAD_LEADS"
"2026-01-06","194.43","197.00","687.93","691.81","0.007507264757854638","BROAD_LEADS"
"2026-01-07","197.155","194.79","692.19","689.58","-0.008290398417026088","MEGACAP_LEADS"
"2026-01-08","194.36","196.46","688.82","689.51","0.009745527014232154","BROAD_LEADS"
"2026-01-09","197.00","197.60","690.63","694.07","-0.001927538898937934","MEGACAP_LEADS"
"2026-01-12","197.08","197.78","690.68","695.16","-0.0029198511862211776","MEGACAP_LEADS"
"2026-01-13","198.13","197.78","695.49","693.77","0.0007080605766587797","BROAD_LEADS"
"2026-01-14","197.475","198.68","691.00","690.36","0.007010119293134477","BROAD_LEADS"
"2026-01-15","199.32","199.56","694.57","692.24","0.004563602333027218","BROAD_LEADS"
"2026-01-16","199.30","199.05","693.66","691.66","0.0016322437468415352","BROAD_LEADS"
"2026-01-20","196.87","196.08","681.49","677.58","0.0017330773388509468","BROAD_LEADS"
"2026-01-21","197.18","199.40","679.65","685.40","0.0027711907215911234","BROAD_LEADS"
"2026-01-22","200.10","199.66","689.85","688.98","-0.0009393820435190622","MEGACAP_LEADS"
"2026-01-23","199.29","198.77","688.15","689.23","-0.004180867952598314","MEGACAP_LEADS"
"2026-01-26","199.22","199.24","690.49","692.73","-0.0031384359091370644","MEGACAP_LEADS"
"2026-01-27","199.17","198.93","694.18","695.49","-0.0030910675937074502","MEGACAP_LEADS"
"2026-01-28","198.92","198.26","697.05","695.42","-0.0009822686285315997","MEGACAP_LEADS"
"2026-01-29","199.18","198.52","696.39","694.04","6.116470974083018E-05","BROAD_LEADS"
"2026-01-30","198.01","198.08","691.79","691.97","9.329430354839178E-05","BROAD_LEADS"
"2026-02-02","197.69","199.10","689.58","695.41","-0.0013118192121669495","MEGACAP_LEADS"
"2026-02-03","198.73","198.57","696.21","689.53","0.00883569614498937","BROAD_LEADS"
"2026-02-04","199.22","200.30","690.35","686.19","0.011450659009536391","BROAD_LEADS"
"2026-02-05","199.64","198.56","680.94","677.62","-0.000536885444873408","MEGACAP_LEADS"
"2026-02-06","200.065","202.26","681.46","690.62","-0.0024405047770607643","MEGACAP_LEADS"
"2026-02-09","201.61","202.38","689.42","693.95","-0.0027372672459217793","MEGACAP_LEADS"
"2026-02-10","202.545","203.10","694.95","692.12","0.006816934047543133","BROAD_LEADS"
"2026-02-11","203.89","203.46","696.39","691.96","0.004270490385407831","BROAD_LEADS"
"2026-02-12","204.27","200.79","694.24","681.27","0.0016759563230288287","BROAD_LEADS"
"2026-02-13","201.20","202.87","681.69","681.75","0.008177928913772147","BROAD_LEADS"
"2026-02-17","203.075","202.52","680.14","682.85","-0.006713278627512292","MEGACAP_LEADS"
"2026-02-18","202.83","203.57","684.02","686.29","0.0003286143483516896","BROAD_LEADS"
"2026-02-19","203.085","203.14","683.84","684.48","-0.0006646678670868184","MEGACAP_LEADS"
"2026-02-20","202.50","204.09","682.32","689.43","-0.0025452267475849135","MEGACAP_LEADS"
"2026-02-23","203.38","201.85","687.83","682.39","0.0003890694052214169","BROAD_LEADS"
"2026-02-24","201.88","203.46","681.90","687.35","-0.00016464049728116565","MEGACAP_LEADS"
"2026-02-25","204.095","203.58","690.18","693.15","-0.006820516544742079","MEGACAP_LEADS"
"2026-02-26","204.12","204.73","693.28","689.30","0.008741349768709744","BROAD_LEADS"
"2026-02-27","203.37","204.97","683.09","685.99","0.00360021898046853","BROAD_LEADS"
"2026-03-02","203.34","204.59","678.70","686.38","-0.005123684889675994","MEGACAP_LEADS"
"2026-03-03","201.045","202.08","675.06","680.33","-0.0026415037560458274","MEGACAP_LEADS"
"2026-03-04","202.70","202.89","681.63","685.13","-0.004184705849957486","MEGACAP_LEADS"
"2026-03-05","201.79","200.54","682.08","681.31","-0.005084287058828654","MEGACAP_LEADS"
"2026-03-06","198.44","198.15","673.41","672.38","6.823194294756593E-05","BROAD_LEADS"
"2026-03-09","196.28","198.71","666.39","678.27","-0.0053660898226713955","MEGACAP_LEADS"
"2026-03-10","198.44","197.22","677.72","677.18","-0.005369823688909955","MEGACAP_LEADS"
"2026-03-11","197.01","196.57","677.58","676.33","-0.0003893825469848142","MEGACAP_LEADS"
"2026-03-12","194.865","193.53","671.16","666.06","0.0007533301453402329","BROAD_LEADS"
"2026-03-13","195.02","193.52","669.27","662.29","0.0027627885683032365","BROAD_LEADS"
"2026-03-16","195.25","194.96","668.38","669.03","-0.0024584075036943385","MEGACAP_LEADS"
"2026-03-17","196.305","196.05","672.39","670.79","0.001082563621828633","BROAD_LEADS"
"2026-03-18","195.15","193.47","668.36","661.43","0.0017767607398666892","BROAD_LEADS"
"2026-03-19","192.26","193.32","656.97","659.80","0.0011998208863407186","BROAD_LEADS"
"2026-03-20","193.03","190.48","656.51","648.57","-0.0011304284763586445","MEGACAP_LEADS"
"2026-03-23","192.50","191.69","658.07","655.38","-0.00012058131550383641","MEGACAP_LEADS"
"2026-03-24","190.52","191.92","651.32","653.18","0.004469773360814673","BROAD_LEADS"
"2026-03-25","193.46","192.85","658.67","656.82","-0.00034544608904238383","MEGACAP_LEADS"
"2026-03-26","191.71","191.08","652.06","645.09","0.007455115276927885","BROAD_LEADS"
"2026-03-27","190.43","188.46","642.50","634.09","0.002777026378847844","BROAD_LEADS"
"2026-03-30","190.16","188.07","640.11","631.97","0.0017465228211812067","BROAD_LEADS"
"2026-03-31","190.02","191.92","638.94","650.34","-0.0077354610475305445","MEGACAP_LEADS"
"2026-04-01","192.54","192.54","653.90","655.24","-0.002047146169200477","MEGACAP_LEADS"
"2026-04-02","190.55","193.09","646.42","655.83","-0.0012103875615373967","MEGACAP_LEADS"
"2026-04-06","192.95","193.92","655.86","658.93","0.00034465911832154764","BROAD_LEADS"
"2026-04-07","193.34","193.49","656.65","659.22","-0.0031306313982977447","MEGACAP_LEADS"
"2026-04-08","197.30","197.96","676.39","676.01","0.003901540985905872","BROAD_LEADS"
"2026-04-09","197.24","198.08","674.84","679.91","-0.003235082591472261","MEGACAP_LEADS"
"2026-04-10","198.25","196.65","681.32","679.46","-0.0053696336894080016","MEGACAP_LEADS"
"2026-04-13","196.23","198.83","677.41","686.10","0.00041606053316557874","BROAD_LEADS"
"2026-04-14","199.09","199.66","687.69","694.46","-0.0069374740310828124","MEGACAP_LEADS"
"2026-04-15","199.73","199.73","695.26","699.94","-0.006708740758021589","MEGACAP_LEADS"
"2026-04-16","200.095","200.64","701.06","701.66","0.0018645228409359994","BROAD_LEADS"
"2026-04-17","201.69","203.16","706.14","710.14","0.001613365205694368","BROAD_LEADS"
"2026-04-20","202.69","203.80","710.14","710.14","0.005461402538751352","BROAD_LEADS"
"2026-04-21","204.27","202.55","710.28","704.08","0.0003113939107921154","BROAD_LEADS"
"2026-04-22","203.78","202.46","709.15","711.21","-0.00939931947816769","MEGACAP_LEADS"
"2026-04-23","202.435","202.45","709.50","708.45","0.0015551067033225897","BROAD_LEADS"
"2026-04-24","202.58","202.03","710.75","713.94","-0.00719684369720801","MEGACAP_LEADS"
"2026-04-27","201.97","201.79","713.17","715.17","-0.003692074346224254","MEGACAP_LEADS"
"2026-04-28","201.79","200.76","711.815","711.69","-0.004941765044183665","MEGACAP_LEADS"
"2026-04-29","200.79","200.41","711.00","711.58","-0.002709737531444034","MEGACAP_LEADS"
"2026-04-30","200.54","203.44","714.63","718.66","0.008733952374418558","BROAD_LEADS"
"2026-05-01","204.01","202.82","721.25","720.65","-0.0050178907735899895","MEGACAP_LEADS"
"2026-05-04","202.37","201.64","720.07","718.01","-0.000748842890426744","MEGACAP_LEADS"
"2026-05-05","202.28","203.24","721.77","723.77","0.001967536742049062","BROAD_LEADS"
"2026-05-06","204.58","204.85","728.16","733.83","-0.006437682927548344","MEGACAP_LEADS"
"2026-05-07","204.96","203.54","735.05","731.58","-0.0022203470748919573","MEGACAP_LEADS"
"2026-05-08","204.445","204.10","734.93","737.62","-0.005342451098703842","MEGACAP_LEADS"
"2026-05-11","204.46","203.99","736.45","739.30","-0.006163831921497191","MEGACAP_LEADS"
"2026-05-12","203.73","203.81","736.89","738.18","-0.0013564704771072949","MEGACAP_LEADS"
"2026-05-13","203.68","202.92","738.47","742.31","-0.008924789523481804","MEGACAP_LEADS"
"2026-05-14","203.46","203.66","743.65","748.17","-0.005077219462692101","MEGACAP_LEADS"
"2026-05-15","202.60","201.56","741.79","739.17","-0.00160823884844795","MEGACAP_LEADS"
"2026-05-18","201.88","202.80","739.83","738.65","0.006143044553918833","BROAD_LEADS"
"2026-05-19","201.98","201.62","734.78","733.73","-0.00035392382337702077","MEGACAP_LEADS"
"2026-05-20","201.98","203.83","735.71","741.25","0.0016156995280762493","BROAD_LEADS"
"2026-05-21","202.94","204.71","738.64","742.72","0.0031755089798934924","BROAD_LEADS"
"2026-05-22","205.73","206.58","746.24","745.64","0.0049274713733216315","BROAD_LEADS"
"2026-05-26","207.83","207.64","750.01","750.59","-0.0016876510341318008","MEGACAP_LEADS"
"2026-05-27","208.05","207.49","750.88","750.46","-0.002135789496155778","MEGACAP_LEADS"
"2026-05-28","207.38","208.25","750.25","754.60","-0.0015949012929136796","MEGACAP_LEADS"
"2026-05-29","208.745","208.83","755.90","756.48","-0.0003598905391087421","MEGACAP_LEADS"
"2026-06-01","208.05","209.21","755.36","758.54","0.0013590205039806652","BROAD_LEADS"
"2026-06-02","209.105","210.04","757.03","759.57","0.0011118697007892588","BROAD_LEADS"
"2026-06-03","209.43","209.25","758.15","754.24","0.0043107902183469","BROAD_LEADS"
"2026-06-04","210.015","210.83","752.10","757.09","-0.0027396781009603865","MEGACAP_LEADS"
"2026-06-05","209.87","207.83","752.31","737.55","0.010046736942877952","BROAD_LEADS"
"2026-06-08","208.635","207.61","743.36","739.22","0.0006598793047827758","BROAD_LEADS"
"2026-06-09","208.64","209.19","743.63","737.05","0.011520517974047968","BROAD_LEADS"
"2026-06-10","208.53","206.53","733.39","725.43","0.0012758024526259605","BROAD_LEADS"
"2026-06-11","207.34","209.75","728.76","737.76","-0.0007177213085615627","MEGACAP_LEADS"
"2026-06-12","210.70","211.65","740.71","741.75","0.003095572656508484","BROAD_LEADS"
"2026-06-15","213.595","212.88","751.85","754.83","-0.007308794267138886","MEGACAP_LEADS"
"2026-06-16","213.49","212.17","754.55","750.33","-0.0005937177333896794","MEGACAP_LEADS"
"2026-06-17","212.11","208.99","751.29","740.96","-0.000973517809086626","MEGACAP_LEADS"
"2026-06-18","211.22","209.96","747.76","746.74","-0.004618202703884379","MEGACAP_LEADS"
"2026-06-22","209.53","209.61","747.70","744.39","0.004818470997287936","BROAD_LEADS"
"2026-06-23","208.34","208.89","733.81","733.58","0.002949918828961252","BROAD_LEADS"
"2026-06-24","209.375","210.38","735.17","733.24","0.00741721186648606","BROAD_LEADS"
"2026-06-25","211.89","211.75","738.91","734.30","0.00559752431975483","BROAD_LEADS"
"2026-06-26","211.35","210.31","728.945","728.99","-0.004994625464367849","MEGACAP_LEADS"
"2026-06-29","213.015","213.05","736.525","741.00","-0.005893151457366003","MEGACAP_LEADS"
"2026-06-30","212.785","212.77","741.29","746.77","-0.007435823881826121","MEGACAP_LEADS"
"2026-07-01","212.58","213.41","745.00","745.76","0.0028771957755724838","BROAD_LEADS"
"2026-07-02","214.49","214.91","747.40","744.78","0.0054678628978832465","BROAD_LEADS"
"2026-07-06","215.04","215.00","748.74","751.28","-0.0035726539556620485","MEGACAP_LEADS"
"2026-07-07","215.81","214.73","750.22","747.71","-0.001665671388887568","MEGACAP_LEADS"
"2026-07-08","213.54","212.20","743.16","745.40","-0.00930456487746163","MEGACAP_LEADS"
"2026-07-09","212.84","213.50","747.35","751.71","-0.0027208721020624623","MEGACAP_LEADS"
"2026-07-10","214.15","214.30","752.05","754.95","-0.0031485123711051358","MEGACAP_LEADS"
"2026-07-13","214.48","214.23","752.47","749.17","0.0032289119641301174","BROAD_LEADS"
"2026-07-14","214.14","213.45","750.91","751.83","-0.004451823720253066","MEGACAP_LEADS"
"2026-07-15","213.75","212.97","754.24","754.81","-0.004411239298993418","MEGACAP_LEADS"
"2026-07-16","213.075","215.06","752.76","750.72","0.01198654842561515","BROAD_LEADS"
"2026-07-17","214.36","213.37","742.08","743.29","-0.006258320765343745","MEGACAP_LEADS"
"2026-07-20","213.87","212.42","747.06","742.09","-0.0001279333242985353","MEGACAP_LEADS"
"2026-07-21","212.57","212.76","746.29","748.28","-0.0017695508812762242","MEGACAP_LEADS"
"2026-07-22","213.03","212.70","746.62","747.41","-0.002607821106376915","MEGACAP_LEADS"
"2026-07-23","212.10","211.92","739.37","738.18","0.0007617583345297129","BROAD_LEADS"
"2026-07-24","212.37","213.57","738.51","738.93","0.005066060307221157","BROAD_LEADS"
"2026-07-27","214.80","215.18","744.91","739.09","0.009611230513499831","BROAD_LEADS"
"2026-07-28","216.165","217.69","739.19","740.86","0.004773345979160625","BROAD_LEADS"
"2026-07-29","217.20","215.73","739.97","729.46","0.007514148175874781","BROAD_LEADS"
"2026-07-30","215.83","215.38","736.05","741.69","-0.00972046577763385","MEGACAP_LEADS"
"2026-07-31","215.415","215.01","744.68","747.03","-0.0050326105720285355","MEGACAP_LEADS"
"2026-08-03","215.87","217.11","749.44","757.67","-0.005193910778160965","MEGACAP_LEADS"
"2026-08-04","217.57","220.23","760.63","771.33","-0.0018174433326288673","MEGACAP_LEADS"
"2026-08-05","220.82","219.73","775.85","769.79","0.0028930820495212265","BROAD_LEADS"
"2026-08-06","220.16","218.58","770.21","768.56","-0.005057903660799627","MEGACAP_LEADS"
"2026-08-07","219.025","220.09","771.02","773.26","0.001949644708642922","BROAD_LEADS"
"2026-08-10","220.28","220.22","772.60","773.03","-0.0008288251428186831","MEGACAP_LEADS"
"2026-08-11","219.97","220.69","774.53","770.56","0.008406698976372792","BROAD_LEADS"
"2026-08-12","220.95","221.08","774.71","772.49","0.0034578974611030027","BROAD_LEADS"
"2026-08-13","221.77","222.73","774.87","777.88","0.0004424694943851834","BROAD_LEADS"
"2026-08-14","222.925","222.77","778.54","776.34","0.0021342593146541438","BROAD_LEADS"
"2026-08-17","222.07","220.79","776.18","772.67","-0.0012482212022157631","MEGACAP_LEADS"
"2026-08-18","220.86","219.79","768.70","767.45","-0.003229025994133288","MEGACAP_LEADS"
"2026-08-19","221.61","222.07","770.36","769.06","0.0037625154644251244","BROAD_LEADS"
"2026-08-20","220.74","220.28","765.96","762.60","0.002310227682045559","BROAD_LEADS"
"2026-08-21","221.30","221.67","766.05","765.72","0.0021014165051685394","BROAD_LEADS"
