"release_date","release_date_display","release_date_source","url","page_bytes","page_sha256","row_text","row_sha256","reserve_average","reserve_week_change","reserve_year_change","reserve_wednesday","state"
"20220721","July 21, 2022","LEGACY_TITLE","https://www.federalreserve.gov/releases/h41/20220721/","684858","A07133881ABCB721C256382F35ED3029D68538F73EA0C8C90E9F1FBB8CB828F6","Reserve balances with Federal Reserve Banks 3,284,324 + 10,888 - 688,616 3,235,172","7A56DBDB676E2A767CAFCAFFD12FE271BAD32A892B9B00871984F0D893CDCE64","3284324","10888","-688616","3235172","RESERVE_EXPAND"
"20220728","July 28, 2022","LEGACY_TITLE","https://www.federalreserve.gov/releases/h41/20220728/","679895","9010D4BCE30AC5C9EF7F3AC28A9D92EB06BCD7F5CEE6DC8B4585C673E23DDD26","Reserve balances with Federal Reserve Banks 3,256,875 - 27,449 - 727,496 3,275,609","134BAC3440728E36A19EDC3D588F272C2B375A332BC31CDF93C0CCAB6316036A","3256875","-27449","-727496","3275609","RESERVE_CONTRACT"
"20220804","August 4, 2022","LEGACY_TITLE","https://www.federalreserve.gov/releases/h41/20220804/","682716","9F512DCDC8C99945806D2B31FE8557645D43983CAC6675CD4D58F3A297AB8049","Reserve balances with Federal Reserve Banks 3,259,011 + 2,136 - 746,567 3,342,517","A5A5897AE95EAB043A1D2B5F16B5AA0AB5E68515B94269C941CD06EF5A7ACB13","3259011","2136","-746567","3342517","RESERVE_EXPAND"
"20220811","August 11, 2022","LEGACY_TITLE","https://www.federalreserve.gov/releases/h41/20220811/","679775","0CACA135A4819446CF6AA54FF492E472D4E3331DB82630364CD9F6EBD6F05DE2","Reserve balances with Federal Reserve Banks 3,348,147 + 89,136 - 742,359 3,357,493","37861062AA1279F62F3CE264E2CE9C193645DE5369F30D9517213312D6652C40","3348147","89136","-742359","3357493","RESERVE_EXPAND"
"20220818","August 18, 2022","LEGACY_TITLE","https://www.federalreserve.gov/releases/h41/20220818/","679960","0F4AD4400CADBB7F4EF779F73A66FB486C369D16CF9F934BB0E3F4841A8EC377","Reserve balances with Federal Reserve Banks 3,346,750 - 1,397 - 839,961 3,333,695","417DFAA47D3687CCC8E9E1F5A5255B320CA09630A8D01C98CFE8AD18B91C7257","3346750","-1397","-839961","3333695","RESERVE_CONTRACT"
"20220825","August 25, 2022","LEGACY_TITLE","https://www.federalreserve.gov/releases/h41/20220825/","679635","BC8C654BF4A0384DBCAD11AB6E78300A6E1F4AECDCB9E87709087AB159C2AFAA","Reserve balances with Federal Reserve Banks 3,307,365 - 39,385 - 860,383 3,270,912","14E68EAE142D7784F64118A27E069A97455DAC49D5CB41B7D47146C794CF0413","3307365","-39385","-860383","3270912","RESERVE_CONTRACT"
"20220901","September 1, 2022","LEGACY_TITLE","https://www.federalreserve.gov/releases/h41/20220901/","679698","0EA98EA7521B5DD5DAE780949C10F87806271A2D9DDEF04F16833DF326D4D2B5","Reserve balances with Federal Reserve Banks 3,248,654 - 58,711 - 945,327 3,115,846","289D1B599F069ECCF65E180276AF7BCBC515DA63665CEEBDEED99B602E126205","3248654","-58711","-945327","3115846","RESERVE_CONTRACT"
"20220908","September 8, 2022","LEGACY_TITLE","https://www.federalreserve.gov/releases/h41/20220908/","680480","DA7AF48C64E06A68D672ED1988D5EEF7B275779396E81E7577DBA0F5237A9709","Reserve balances with Federal Reserve Banks 3,285,498 + 36,844 - 965,008 3,271,336","A0C16C4D59C11A3AA9FDA2F5DDAA914FA760D372280BF4075A46AFE8123AA764","3285498","36844","-965008","3271336","RESERVE_EXPAND"
"20220915","September 15, 2022","LEGACY_TITLE","https://www.federalreserve.gov/releases/h41/20220915/","679779","D776BBCA85B279D380008EC565E13AFEB712A4C6FC04BC322761CBE60C8FBE3B","Reserve balances with Federal Reserve Banks 3,234,928 - 50,570 -1,036,256 3,158,694","0504325D5CA57924C0C72CD961C560778F5B2D2A431805CF4961FF5DC14FFEA5","3234928","-50570","-1036256","3158694","RESERVE_CONTRACT"
"20220922","September 22, 2022","LEGACY_TITLE","https://www.federalreserve.gov/releases/h41/20220922/","680144","49D4F2FB4DAACCA7C7F78713194430F09E046255D2FB076C4EFA341ED4E5CD85","Reserve balances with Federal Reserve Banks 3,104,032 - 130,896 -1,052,715 3,003,721","585A59D4D9EE3BC52995BB2927F0A770138BA4BE84822632227E8C88AA9697E5","3104032","-130896","-1052715","3003721","RESERVE_CONTRACT"
"20220929","September 29, 2022","LEGACY_TITLE","https://www.federalreserve.gov/releases/h41/20220929/","679984","835508FCD40D11C39376D091ABD3D8B975E64C56C6117A09F9136F200DCA3F7D","Reserve balances with Federal Reserve Banks 2,960,598 - 143,434 -1,164,750 2,983,206","64DE916C0D1D2EB66E5FC52200006DE6CEA156C93ED691E0F6D36955DD02805D","2960598","-143434","-1164750","2983206","RESERVE_CONTRACT"
"20221006","October 6, 2022","LEGACY_TITLE","https://www.federalreserve.gov/releases/h41/20221006/","680094","9E5F0218E54173C6FD34CA9B235773FF028E659E4A1126388FE5572E1E6D4D9A","Reserve balances with Federal Reserve Banks 2,972,874 + 12,276 -1,157,176 3,076,450","4397FD2399697C90B25A7B406635C2CB117BCF1DE15BBA5BAACB941AEB512C1B","2972874","12276","-1157176","3076450","RESERVE_EXPAND"
"20221013","October 13, 2022","LEGACY_TITLE","https://www.federalreserve.gov/releases/h41/20221013/","679673","D9DB6DED1F3D1B8287DFDA88A613978D2563D6C3FD01FEDEB47E65050202CE5D","Reserve balances with Federal Reserve Banks 3,087,912 + 115,038 -1,106,591 3,090,307","EA3B0F29A99F88943927DD6869E64867538A13267225E252D72FAD734560836E","3087912","115038","-1106591","3090307","RESERVE_EXPAND"
"20221020","October 20, 2022","LEGACY_TITLE","https://www.federalreserve.gov/releases/h41/20221020/","680098","9BFC65623CCE0BBFF8906029D35D1802DC0E29D7EE6EF4904E71158D02A3079D","Reserve balances with Federal Reserve Banks 3,092,044 + 4,132 -1,042,670 3,040,777","66E10DCD6BD497C7AF91230810C58FA8010AAEA7BD0D74BB523E177F561EDC1F","3092044","4132","-1042670","3040777","RESERVE_EXPAND"
"20221027","October 27, 2022","LEGACY_TITLE","https://www.federalreserve.gov/releases/h41/20221027/","680363","901FFE676E9672575F3AD05A3359C18E8C249BBEC3DB3F57742F20ADEBCB6434","Reserve balances with Federal Reserve Banks 3,042,838 - 49,206 -1,034,332 3,108,146","CC92C0269856668C11BE21ED6243BD3A686401099AE5327603666CB0A823123D","3042838","-49206","-1034332","3108146","RESERVE_CONTRACT"
"20221103","November 3, 2022","LEGACY_TITLE","https://www.federalreserve.gov/releases/h41/20221103/","682854","ADBAFF779C59B005827CBDDE4D887C4C22258029D247E031A7F5DA2C75A39C07","Reserve balances with Federal Reserve Banks 3,062,727 + 19,889 -1,023,609 3,046,975","FD9FC173B4EEAF4517824CCC396B548D571D351463177C39C59055C7E76A70FA","3062727","19889","-1023609","3046975","RESERVE_EXPAND"
"20221110","November 10, 2022","LEGACY_TITLE","https://www.federalreserve.gov/releases/h41/20221110/","680116","BF1F7A6E2AF3B23A15EB0FABB2B3DB8F227C575482D225E44AA2D46246215E5F","Reserve balances with Federal Reserve Banks 3,067,888 + 5,161 -1,101,153 3,071,230","2305512CD94320851B876677F0626D9FAEA5999A9A72957B606F22E7B69A1B1D","3067888","5161","-1101153","3071230","RESERVE_EXPAND"
"20221117","November 17, 2022","LEGACY_TITLE","https://www.federalreserve.gov/releases/h41/20221117/","680712","F0FA2EE744471DD3974AFC9C4BADE51094CA54FB724FF953EC1A2765C563D3AD","Reserve balances with Federal Reserve Banks 3,128,277 + 60,389 -1,081,525 3,176,796","496FBCE10BF4929E13E34D364E2A1ABFA2FF406BA74728FB7960074906C2D7FD","3128277","60389","-1081525","3176796","RESERVE_EXPAND"
"20221125","November 25, 2022","LEGACY_TITLE","https://www.federalreserve.gov/releases/h41/20221125/","683460","1449BD1897D11070E38C9DDCD65012BF8BD88F6E09460C41C83E6322642992B7","Reserve balances with Federal Reserve Banks 3,160,730 + 32,453 -1,002,080 3,168,849","6043EDCF61851C8AAE84F162DEE580AF9888C1C7A8A660F0DBDE4CC724657FF3","3160730","32453","-1002080","3168849","RESERVE_EXPAND"
"20221201","December 1, 2022","LEGACY_TITLE","https://www.federalreserve.gov/releases/h41/20221201/","680593","329ADC7B4F872262422BDD6DB36D1AC58CBBCA70E3CCA72A97B38F297DEB14B7","Reserve balances with Federal Reserve Banks 3,168,995 + 8,265 -1,055,870 3,052,233","D66F6329D8F99A0FE42B995DE4AB801471CA712218405C0CACC2A2DA8F28E28A","3168995","8265","-1055870","3052233","RESERVE_EXPAND"
"20221208","December 8, 2022","LEGACY_TITLE","https://www.federalreserve.gov/releases/h41/20221208/","680703","4DBE48CBD20F86371039FB93C67A3CEDAE8DA3D95C3F21F7BF85282BBE4001D3","Reserve balances with Federal Reserve Banks 3,199,048 + 30,053 -1,076,758 3,149,088","A46265E487C8F7E91C95319B9906CA787C399C5B5F20ECC0091182C10AD752C5","3199048","30053","-1076758","3149088","RESERVE_EXPAND"
"20221215","December 15, 2022","LEGACY_TITLE","https://www.federalreserve.gov/releases/h41/20221215/","680747","D5DE00931D2B534D46196F23FE1A713CB766A953D42A7CE2D49C29F4C348714D","Reserve balances with Federal Reserve Banks 3,188,634 - 10,414 -1,062,797 3,170,805","417337CAAFD1B25A69ED201FE738DEDF22C93D827F28AA1D0F2B0341A6E08AC8","3188634","-10414","-1062797","3170805","RESERVE_CONTRACT"
"20221222","December 22, 2022","LEGACY_TITLE","https://www.federalreserve.gov/releases/h41/20221222/","680832","6EC9E6D058C90F9CABCF25B3D3163D99E5A4B99F193C049ECC9038205A09BF8E","Reserve balances with Federal Reserve Banks 3,088,621 - 100,013 -1,096,388 3,049,325","8A1CF536319E58F46BDCD1296C7657A5CCEB9367C87ADBCCAA6E81E0CBBBD992","3088621","-100013","-1096388","3049325","RESERVE_CONTRACT"
"20221229","December 29, 2022","LEGACY_TITLE","https://www.federalreserve.gov/releases/h41/20221229/","673171","40243D8E74490C4FDFA59FF80FFB403DF1C285BCDADAE272B191EE58D8155F10","Reserve balances with Federal Reserve Banks 3,017,889 - 70,732 -1,098,307 2,979,738","AC4F74959F12BD307E2512A5F59F5691BEA6A56DC171FA9AA8C4756D40695B8A","3017889","-70732","-1098307","2979738","RESERVE_CONTRACT"
"20230105","January 5, 2023","LEGACY_TITLE","https://www.federalreserve.gov/releases/h41/20230105/","673149","2B585687C9532BEB7B8A6D67B47FED6FA6D6F7C015CCC9AF7D3A35ABE0381186","Reserve balances with Federal Reserve Banks 2,830,144 - 187,745 -1,029,587 3,041,928","666717741C0F00F508939C6A385166BDFD0A086D4A446F6A34F3A5A5509120A0","2830144","-187745","-1029587","3041928","RESERVE_CONTRACT"
"20230112","January 12, 2023","LEGACY_TITLE","https://www.federalreserve.gov/releases/h41/20230112/","672938","AC998A3496FC4B4A344F13D57BE73AE9B08012B458400B34CCC5EA05FF4E4BF0","Reserve balances with Federal Reserve Banks 3,081,237 + 251,093 - 892,317 3,116,831","2703CD71806622281EA79EDC9FBA71DAD43B3F75BABD3C2490F7571B5C1E6211","3081237","251093","-892317","3116831","RESERVE_EXPAND"
"20230119","January 19, 2023","LEGACY_TITLE","https://www.federalreserve.gov/releases/h41/20230119/","673678","A96CB1B1DC7AE3B8F0F02DC7E21E35B8EC5F08925A78A04153423100ED409808","Reserve balances with Federal Reserve Banks 3,147,332 + 66,095 - 785,189 3,118,236","848344975F07556D0CCAEDBB5822A2C53065AE65E358C0D5184318E0B3E7536D","3147332","66095","-785189","3118236","RESERVE_EXPAND"
"20230126","January 26, 2023","LEGACY_TITLE","https://www.federalreserve.gov/releases/h41/20230126/","673603","150741D63BD247938223FFDB5812BD93C3D1F418DB9827AE016BA46AA3422B59","Reserve balances with Federal Reserve Banks 3,031,889 - 115,443 - 764,285 3,000,541","A019638E0EC52FD7D5CA56F3C3721DB7387A8FFAC39898327630096C46D77695","3031889","-115443","-764285","3000541","RESERVE_CONTRACT"
"20230202","February 2, 2023","LEGACY_TITLE","https://www.federalreserve.gov/releases/h41/20230202/","676114","46F73347D4C4909FFFF1C7C5F0106E917A81F81D7BBD0A3D8AF1DEF1D4B0B1EF","Reserve balances with Federal Reserve Banks 3,015,506 - 16,383 - 774,208 3,030,286","FC193618310FDC80DE05BE180271348E5F20407DCEF343BE338564B595A238BE","3015506","-16383","-774208","3030286","RESERVE_CONTRACT"
"20230209","February 9, 2023","LEGACY_TITLE","https://www.federalreserve.gov/releases/h41/20230209/","673391","1DC3D88CB50D85C43749F326F4A79D89CE3593E8D487EB981CD2CC5E6F9328F0","Reserve balances with Federal Reserve Banks 3,037,584 + 22,078 - 734,327 3,033,560","8D645B7539D5E7EAD668CBC63104D7A8D8C02CE24AEA646C1DB7210C57EB818A","3037584","22078","-734327","3033560","RESERVE_EXPAND"
"20230216","February 16, 2023","LEGACY_TITLE","https://www.federalreserve.gov/releases/h41/20230216/","673235","2C9542A41AE3B53456662922F1308415D131ECD36EDAF809E1B0ABFB0731B1EB","Reserve balances with Federal Reserve Banks 3,041,038 + 3,454 - 758,935 3,107,419","4807646A111409FA03952A1C29DBDB6F2B8B93264FB0A4542AE9776744853BE7","3041038","3454","-758935","3107419","RESERVE_EXPAND"
"20230223","February 23, 2023","LEGACY_TITLE","https://www.federalreserve.gov/releases/h41/20230223/","672950","74AA88F5661FCA94CE62DAB5F1D8987C3B3AD32389F6F7A3198DC9432186A50B","Reserve balances with Federal Reserve Banks 3,016,577 - 24,461 - 753,292 2,983,553","8D44B11F33117666F73360C67FFFCBD8D7C3A2978F8ED19823F46F0E782D664B","3016577","-24461","-753292","2983553","RESERVE_CONTRACT"
"20230302","March 2, 2023","LEGACY_TITLE","https://www.federalreserve.gov/releases/h41/20230302/","673507","16544B207FC3F239E3A1DE738E488760C972CAF7335AF4E2319C438A7A888BC7","Reserve balances with Federal Reserve Banks 2,998,303 - 18,274 - 846,413 3,027,967","38DCD0348C72E61B38547DCD07BBF4A2DE7A5A006E7076B02FE40CD5F85AF7D8","2998303","-18274","-846413","3027967","RESERVE_CONTRACT"
"20230309","March 9, 2023","LEGACY_TITLE","https://www.federalreserve.gov/releases/h41/20230309/","673517","359BAF898A516BA45B191315DE112BAB4E7DCD0A2F4D23A760DC79984E3A40B7","Reserve balances with Federal Reserve Banks 2,999,720 + 1,417 - 959,939 3,003,676","E2EA0994D1D7EDC0476B90C24CE48EB06CC72365E0D572CD047E0F08FD04CF39","2999720","1417","-959939","3003676","RESERVE_EXPAND"
"20230316","March 16, 2023","LEGACY_TITLE","https://www.federalreserve.gov/releases/h41/20230316/","680999","C4F42F5173C6E0619DE70E7DE8B09B8BC58115984E84A0AA9B3CEC28315050DA","Reserve balances with Federal Reserve Banks 3,251,482 + 251,762 - 710,239 3,444,208","121F53CBD5D7C00EC4D433B3A84AF52E393C623DAB67294C86FAAE00E779876C","3251482","251762","-710239","3444208","RESERVE_EXPAND"
"20230323","March 23, 2023","LEGACY_TITLE","https://www.federalreserve.gov/releases/h41/20230323/","676556","9AD69B40ABFEADF396CD20C4A14D2832690EC8C953D53AD4895772C1382CEB6F","Reserve balances with Federal Reserve Banks 3,425,075 + 173,593 - 376,020 3,369,986","C61067881780C55DC4BB334EB693FC1B21F9F4BF6A4007C7DD3F403687FA8D46","3425075","173593","-376020","3369986","RESERVE_EXPAND"
"20230330","March 30, 2023","MODERN_BODY","https://www.federalreserve.gov/releases/h41/20230330/","753543","F7DC7726A67411009B0636C5DB3E31F34D41F019D280D50EF756F93BE4AEDB7B","Reserve balances with Federal Reserve Banks 3,437,592 + 12,517 - 392,088 3,401,800","7053F177B21D7B4D926EBAB6109AA0FE6DD9EFE5446818AC15C3528134B23759","3437592","12517","-392088","3401800","RESERVE_EXPAND"
"20230406","April 06, 2023","MODERN_BODY","https://www.federalreserve.gov/releases/h41/20230406/","753433","B4B441804E89BA553DB123F959BB5C7D12A8A6D3464272DD3C64FE97ADABBB0E","Reserve balances with Federal Reserve Banks 3,292,058 - 145,534 - 542,125 3,381,350","5EF6176F0401BCF4C4378CCB8F680AC16FFCF462C9C5D7FD687903CCEEEA07DA","3292058","-145534","-542125","3381350","RESERVE_CONTRACT"
"20230413","April 13, 2023","MODERN_BODY","https://www.federalreserve.gov/releases/h41/20230413/","753148","631ADDBB2B7F68E49FF5A0284F19F3EF7A56A3A4EDF95EF91704615FF154F075","Reserve balances with Federal Reserve Banks 3,413,989 + 121,931 - 409,655 3,347,553","77DE63D45E6EF5CEA060796E0C7D35DEB1CB7C2CC7DC1EDC55AAC4D777FDDEFD","3413989","121931","-409655","3347553","RESERVE_EXPAND"
"20230420","April 20, 2023","MODERN_BODY","https://www.federalreserve.gov/releases/h41/20230420/","753403","8F0BB7A4CDC571489871A4033809725352D6F20C6642031072B5E89C14379E9B","Reserve balances with Federal Reserve Banks 3,303,152 - 110,837 - 348,949 3,164,881","39BA64A021BBB55832096C1B60A8FE69F29C50D508C776165B1D9EBEC8C4BD82","3303152","-110837","-348949","3164881","RESERVE_CONTRACT"
"20230427","April 27, 2023","MODERN_BODY","https://www.federalreserve.gov/releases/h41/20230427/","753688","7240621636E315045CE7473FC423C29AA767CBD7E128DF2610C9C1B1A79A151D","Reserve balances with Federal Reserve Banks 3,135,655 - 167,497 - 196,327 3,132,099","8AD69698F444CDBAB9A411C8001C3E849B54E5D0894DDA6199736F9EF71B5410","3135655","-167497","-196327","3132099","RESERVE_CONTRACT"
"20230504","May 04, 2023","MODERN_BODY","https://www.federalreserve.gov/releases/h41/20230504/","757254","694A514575853A0F6C28FF4B633A265E6CFD3ADD078912378366E8EE33E5E030","Reserve balances with Federal Reserve Banks 3,089,706 - 45,949 - 206,379 3,166,236","B40FBC3C583F7E6499BF06EF139D6F6832C1D4C208CCA771A57BA8082EAC3BF5","3089706","-45949","-206379","3166236","RESERVE_CONTRACT"
"20230511","May 11, 2023","MODERN_BODY","https://www.federalreserve.gov/releases/h41/20230511/","753956","59C9B0DF99030CF5FCDBF115C526BDC5C2F59C2B79F8B8AC5C0B8ED8C9F4C702","Reserve balances with Federal Reserve Banks 3,196,429 + 106,723 - 92,123 3,225,311","2C142DBEA03564EB1AD0177F6A87A8DAA8FFC89382C346E09ADD2A9444751648","3196429","106723","-92123","3225311","RESERVE_EXPAND"
"20230518","May 18, 2023","MODERN_BODY","https://www.federalreserve.gov/releases/h41/20230518/","754126","D0FA82A010648251D890E959D4A0AA9F8D63F9C3B2AFA44ECFF0E1FD7D4CFD98","Reserve balances with Federal Reserve Banks 3,248,878 + 52,449 - 107,499 3,279,987","2AFC5C5D1A0802E235446D95812BD7A4F18C1A9E6DE80ACEEE08360BAB427B6E","3248878","52449","-107499","3279987","RESERVE_EXPAND"
"20230525","May 25, 2023","MODERN_BODY","https://www.federalreserve.gov/releases/h41/20230525/","756143","7A7730207DFAD9E0E92C7D28AC57B6C0F9D2D76E0EDE3278939D89E644319A7C","Reserve balances with Federal Reserve Banks 3,240,172 - 8,706 - 66,008 3,250,771","31EDE4F67E706C076181BF7C8D9446B8F17E5FBD6DE7C47A518EDC5FD05FE88E","3240172","-8706","-66008","3250771","RESERVE_CONTRACT"
"20230601","June 01, 2023","MODERN_BODY","https://www.federalreserve.gov/releases/h41/20230601/","754011","4D1107437B877E3FA899C30E4287B4F15A113092615337A3D45796EF177CD8F7","Reserve balances with Federal Reserve Banks 3,309,447 + 69,275 - 12,583 3,205,526","C6C258DB624969E14391FA8B19E14615CF4B26B4C39484CA18C5390456B635CB","3309447","69275","-12583","3205526","RESERVE_EXPAND"
"20230608","June 08, 2023","MODERN_BODY","https://www.federalreserve.gov/releases/h41/20230608/","753735","C468B3EAD95F8014139F35BEA5154C244DD658375EC02811BF8B6DF4B61BDCC1","Reserve balances with Federal Reserve Banks 3,349,751 + 40,304 + 10,346 3,306,154","FA849838A550DCA58D940A5D3DA018580583223EB79B6EE8202ED8D94A752491","3349751","40304","10346","3306154","RESERVE_EXPAND"
"20230615","June 15, 2023","MODERN_BODY","https://www.federalreserve.gov/releases/h41/20230615/","753800","B8C705BBCEF05DA54E24493677596FD752A8EAD180229E9FC80A5627805E97FE","Reserve balances with Federal Reserve Banks 3,325,261 - 24,490 + 41,307 3,306,311","F93BB1C1C6C4E16B33ACC589BF94E64636B8A44F65A3802F35FC702BBD06E829","3325261","-24490","41307","3306311","RESERVE_CONTRACT"
"20230622","June 22, 2023","MODERN_BODY","https://www.federalreserve.gov/releases/h41/20230622/","753915","C8E798DC507DA93D3EE2833BF7296E127540E2754AFBBD87537060533B76B72E","Reserve balances with Federal Reserve Banks 3,251,558 - 73,703 + 104,002 3,203,951","DDEEAAEAEAE0D207CC5C495049EAE5A34753E47E33955EA24D89DEB6C97BCB1C","3251558","-73703","104002","3203951","RESERVE_CONTRACT"
"20230629","June 29, 2023","MODERN_BODY","https://www.federalreserve.gov/releases/h41/20230629/","753980","4BED562D409814D6FAE475EFA7B50184567D0ED64C2F2B5337430798D172914D","Reserve balances with Federal Reserve Banks 3,171,567 - 79,991 + 41,480 3,176,029","A435D03F9C26AF2520E827FCADB93304E19BAAC37F7591F7FB0D2EE3440A8114","3171567","-79991","41480","3176029","RESERVE_CONTRACT"
"20230706","July 06, 2023","MODERN_BODY","https://www.federalreserve.gov/releases/h41/20230706/","753940","7B40F3371DD0A6640AB894D44D79693486F95F501AE05CC4EE32BFFD92BFC891","Reserve balances with Federal Reserve Banks 3,114,989 - 56,578 - 75,638 3,179,646","58F70DB5537C72B696EDD7B2A8EA01C4BECCF1E13E594DC9CB202FF4BAE45B52","3114989","-56578","-75638","3179646","RESERVE_CONTRACT"
"20230713","July 13, 2023","MODERN_BODY","https://www.federalreserve.gov/releases/h41/20230713/","753610","C0A32B075152798A4D43CB219306D841F7ABDFDB62C7278B990943CD67C184EF","Reserve balances with Federal Reserve Banks 3,166,607 + 51,618 - 106,829 3,162,124","84BBBB702E3EACE1DD71F5610C50089505F10F5B892AF904C1A6620C54EFB362","3166607","51618","-106829","3162124","RESERVE_EXPAND"
"20230720","July 20, 2023","MODERN_BODY","https://www.federalreserve.gov/releases/h41/20230720/","753980","A3F16237E690E3051D971254DCADB4BB3FDEDA8B1400C52FA91A72291E496636","Reserve balances with Federal Reserve Banks 3,230,457 + 63,850 - 53,867 3,220,590","19FB21CB380BC78E4DF6483353BBD143783813B75BFB1F07422FB1CC5AE567FF","3230457","63850","-53867","3220590","RESERVE_EXPAND"
"20230727","July 27, 2023","MODERN_BODY","https://www.federalreserve.gov/releases/h41/20230727/","753905","4F7B4D3A9EB82D13095F4DD890BDA204D6683ED4025840460FAAAADD89C589A0","Reserve balances with Federal Reserve Banks 3,172,244 - 58,213 - 84,631 3,166,767","C8FF3015B63C74AD0D41B6AD6B46D6692F468A911135D9BD8D15C7F955861FE8","3172244","-58213","-84631","3166767","RESERVE_CONTRACT"
"20230803","August 03, 2023","MODERN_BODY","https://www.federalreserve.gov/releases/h41/20230803/","756050","FCE7E0A66FFBAD802D135232F4B4936B047409AF3C500E8539370933E504B1BA","Reserve balances with Federal Reserve Banks 3,189,533 + 17,289 - 69,478 3,217,397","952A71EDC5FF33D78FBF88ED898F3B27DA07D967DEAB3FB73EA362F36CEFD6EF","3189533","17289","-69478","3217397","RESERVE_EXPAND"
"20230810","August 10, 2023","MODERN_BODY","https://www.federalreserve.gov/releases/h41/20230810/","753678","422A2099F3C0C1B8082D9F9287525F7A8065C2248DBE2C41A876B136EA8EA1BF","Reserve balances with Federal Reserve Banks 3,222,856 + 33,323 - 125,291 3,228,582","DAB94B33C6B9B3CECAB8474083BCBD9389406EBF6E235E808566E1FD36074937","3222856","33323","-125291","3228582","RESERVE_EXPAND"
"20230817","August 17, 2023","MODERN_BODY","https://www.federalreserve.gov/releases/h41/20230817/","753903","5446AC58DEE474A7FA59DB25D131AB2CE9C83EECCB19EBAECF5EF75B4E4841F8","Reserve balances with Federal Reserve Banks 3,245,971 + 23,115 - 100,779 3,228,952","369078C891099FD8719B378A1514A0F6915618227F17640E6C4745CAA3353ADF","3245971","23115","-100779","3228952","RESERVE_EXPAND"
"20230824","August 24, 2023","MODERN_BODY","https://www.federalreserve.gov/releases/h41/20230824/","753703","4092ACCFAB143F589CBF92A4AA048DA3B36F0C251C264540E601AE7FC3EE3E17","Reserve balances with Federal Reserve Banks 3,186,789 - 59,182 - 120,576 3,177,380","F36A54AD58E3496C67F02BCA651202B9037872FB6BBB43749F5911C7121EF63B","3186789","-59182","-120576","3177380","RESERVE_CONTRACT"
"20230831","August 31, 2023","MODERN_BODY","https://www.federalreserve.gov/releases/h41/20230831/","753908","0275EB0EB2A82B7873004C2B8E61DFDB06021C887E0E25B2223126CE6FFDBDBB","Reserve balances with Federal Reserve Banks 3,238,345 + 51,556 - 10,309 3,196,542","ECA85DF0111170483451D734D8CCE36A923457E00A20B7E2D865F57E45AFCA39","3238345","51556","-10309","3196542","RESERVE_EXPAND"
"20230907","September 07, 2023","MODERN_BODY","https://www.federalreserve.gov/releases/h41/20230907/","754049","9BB9C584FEDFF5F19C1C4AE8BD18B55836061C9BB2D057013798A841E2FFE6A0","Reserve balances with Federal Reserve Banks 3,307,291 + 68,946 + 21,793 3,290,475","B166AA9116F88E14741C3FB2802A287C07E1BB14CF8DA59116FCF9D5890D8DAA","3307291","68946","21793","3290475","RESERVE_EXPAND"
"20230914","September 14, 2023","MODERN_BODY","https://www.federalreserve.gov/releases/h41/20230914/","753824","45943A2B6DE9F7A5EDF3EDF0D17E35EB3B8DB6D5242B54BD6E2202677C20CD19","Reserve balances with Federal Reserve Banks 3,335,459 + 28,168 + 100,531 3,310,525","F85552DDBADBB7BA59A51CD59512096EA7F549E9A0537A92DC3C583E92D1C127","3335459","28168","100531","3310525","RESERVE_EXPAND"
"20230921","September 21, 2023","MODERN_BODY","https://www.federalreserve.gov/releases/h41/20230921/","753839","1109CEA2177CE91C567D6B083A0548B46C8743D6573DDE67FA19C187A1E614DF","Reserve balances with Federal Reserve Banks 3,231,649 - 103,810 + 127,617 3,144,404","67E57E37C0598E65CBE83F43F3E450193578B97BEEC7ED179F7BA2FEE387CCFD","3231649","-103810","127617","3144404","RESERVE_CONTRACT"
"20230928","September 28, 2023","MODERN_BODY","https://www.federalreserve.gov/releases/h41/20230928/","753924","B1C603BDFB1EB3893FBB96E5F508C11531B668E24211CF677EC419BD9E5ACEA9","Reserve balances with Federal Reserve Banks 3,170,324 - 61,325 + 209,726 3,168,502","CC17DAF758DB73057ECCE00B87046EFEB57FA9545E85009E2FE39DB3B7995875","3170324","-61325","209726","3168502","RESERVE_CONTRACT"
"20231005","October 05, 2023","MODERN_BODY","https://www.federalreserve.gov/releases/h41/20231005/","749209","6749CED562782511C16484DDD7AF7A885E5BFBEC800F0397D3F1312E7084923F","Reserve balances with Federal Reserve Banks 3,145,720 - 24,604 + 172,846 3,240,707","FCB8A7E5364DB49B66974A4792E44ABBD9B588436900470DF3BF2F5528C3AF6D","3145720","-24604","172846","3240707","RESERVE_CONTRACT"
"20231012","October 12, 2023","MODERN_BODY","https://www.federalreserve.gov/releases/h41/20231012/","748389","DDE513EEAD9715AB053D7FF8C915E2026F53DFF0EC68F901DB44ABBE7E89DDA3","Reserve balances with Federal Reserve Banks 3,288,945 + 143,225 + 201,033 3,315,650","C003FE350EF01BBA440FC00E045AD92166B12F958954BE51ACAEAA4741B21747","3288945","143225","201033","3315650","RESERVE_EXPAND"
"20231019","October 19, 2023","MODERN_BODY","https://www.federalreserve.gov/releases/h41/20231019/","748494","76D12F782338348E3F2FB1EF8B1BDCD870EB00B8895C0DEE46A82D4862110844","Reserve balances with Federal Reserve Banks 3,353,881 + 64,936 + 261,837 3,250,230","E427ADC120A8D8247581EA54B44F3402D9AD4F5257D767661D0C755FD203A653","3353881","64936","261837","3250230","RESERVE_EXPAND"
"20231026","October 26, 2023","MODERN_BODY","https://www.federalreserve.gov/releases/h41/20231026/","748859","8D94713813346531069DEF119349363C89DD910F668F1C7396A7B72AB66A3359","Reserve balances with Federal Reserve Banks 3,261,886 - 91,995 + 219,048 3,263,971","AACD2D610DE2206E37959E881E485C10F3655E74F3593A3418F5CFDB65FFC9FA","3261886","-91995","219048","3263971","RESERVE_CONTRACT"
"20231102","November 02, 2023","MODERN_BODY","https://www.federalreserve.gov/releases/h41/20231102/","750795","079EFC71AB780CFD379C69C9F86D38830B5DC63D38C8D3D838CFFF12F1539B47","Reserve balances with Federal Reserve Banks 3,267,216 + 5,330 + 204,489 3,314,630","B060D503E8E5336D554EA1172119BBB1FF90C449BB639F473733FB3ED7DCDC27","3267216","5330","204489","3314630","RESERVE_EXPAND"
"20231109","November 09, 2023","MODERN_BODY","https://www.federalreserve.gov/releases/h41/20231109/","748871","E49023725E3A384EC4C6BBB9C659FDFA41B45C919B9F10F5D4CA34B00C4A64C2","Reserve balances with Federal Reserve Banks 3,328,908 + 61,692 + 261,020 3,360,426","0D562650B8363412EBAD455496CA27D5FFD87A56289F644B42DAA3D29C02D5DB","3328908","61692","261020","3360426","RESERVE_EXPAND"
"20231116","November 16, 2023","MODERN_BODY","https://www.federalreserve.gov/releases/h41/20231116/","748676","2C2F8D53D41248A9181E9500F7C5085D699158A354C99119A8BB1563FB80B884","Reserve balances with Federal Reserve Banks 3,391,713 + 62,805 + 263,436 3,483,325","FAEBA37C952E33055F74CCAE19D5D08F453A0FDC9F72A2FC6E9A8C21B1F1C662","3391713","62805","263436","3483325","RESERVE_EXPAND"
"20231124","November 24, 2023","MODERN_BODY","https://www.federalreserve.gov/releases/h41/20231124/","751185","C67BB897D34C2C5B46AB20C018D40AFC54CFDD574B0B1838586C9D348466E202","Reserve balances with Federal Reserve Banks 3,453,853 + 62,140 + 293,123 3,455,063","9B1BE3E83363D38AAC35D3EAD616E6C521B0F17C0CFE0312DDAB25AFEA115F88","3453853","62140","293123","3455063","RESERVE_EXPAND"
"20231130","November 30, 2023","MODERN_BODY","https://www.federalreserve.gov/releases/h41/20231130/","748911","D694AE238F4CA1098AB2F19C9833E79E199E4D019A29B64A47B842D86692D0E4","Reserve balances with Federal Reserve Banks 3,441,581 - 12,272 + 272,586 3,395,396","5EE016A476B80D5731132C757B66CDD3F79BF8EC6DCA05A90CA093CE5E6942C3","3441581","-12272","272586","3395396","RESERVE_CONTRACT"
"20231207","December 07, 2023","MODERN_BODY","https://www.federalreserve.gov/releases/h41/20231207/","748624","DDC41816B1F1D375B9209E73E91D97174A2B76B0419F6B2052D07C048A4C67AE","Reserve balances with Federal Reserve Banks 3,513,374 + 71,793 + 314,326 3,496,754","27F45FDE49AFDC8B712D82D5849A19B9CDB1414D8CF0E8EA6A655500378702C4","3513374","71793","314326","3496754","RESERVE_EXPAND"
"20231214","December 14, 2023","MODERN_BODY","https://www.federalreserve.gov/releases/h41/20231214/","748389","09B5A4D957E7C1996A59E79024E2FBEF2B7D204148DE0C77B9FB8A2798C1FAFC","Reserve balances with Federal Reserve Banks 3,540,619 + 27,245 + 351,985 3,567,772","86F1F0069616BE1830A899D86062AFDC9C1312B27673DB1FCCA3B84F716ACBC8","3540619","27245","351985","3567772","RESERVE_EXPAND"
"20231221","December 21, 2023","MODERN_BODY","https://www.federalreserve.gov/releases/h41/20231221/","748389","EE151DC513DCBE9D3F2484FCE2ABDE8F796FF959595B69345FB1D4F9EC70085B","Reserve balances with Federal Reserve Banks 3,536,105 - 4,514 + 447,484 3,477,288","6DB06F07CD52A0D58E4D09702ECA0D41013397D49460FD80DBDA0B6A950CBC82","3536105","-4514","447484","3477288","RESERVE_CONTRACT"
"20231228","December 28, 2023","MODERN_BODY","https://www.federalreserve.gov/releases/h41/20231228/","735785","7F26E764B285DB9F355DD8FBC20085F44D4E828B2871D93F94DA38C3FBD4A369","Reserve balances with Federal Reserve Banks 3,446,459 - 89,646 + 428,570 3,434,213","CB271DB855444FF44F8DF20973BEA719C2F2ED40EE1138DF45D20E43E87EDB4F","3446459","-89646","428570","3434213","RESERVE_CONTRACT"
"20240104","January 04, 2024","MODERN_BODY","https://www.federalreserve.gov/releases/h41/20240104/","733046","716CF76D73A564EBEDB38DB9C11C60F5701B7673254F27262AE87FBEDB89E6D2","Reserve balances with Federal Reserve Banks 3,262,895 - 183,564 + 432,751 3,459,408","CDF6F44231F5C86D1502DE43368EEC88A57D64A4290BAF124D58C11F77A6AEA0","3262895","-183564","432751","3459408","RESERVE_CONTRACT"
"20240111","January 11, 2024","MODERN_BODY","https://www.federalreserve.gov/releases/h41/20240111/","732791","BC2868509B691427E64AF3AC4476CA8DACE6E53C1B4C393AA46EC47A67AB95BC","Reserve balances with Federal Reserve Banks 3,498,748 + 235,853 + 417,511 3,537,383","99043E04FE60A2D29BA15D9B7452DA71F0C0A980C3E304CFC564CE4B064666B3","3498748","235853","417511","3537383","RESERVE_EXPAND"
"20240118","January 18, 2024","MODERN_BODY","https://www.federalreserve.gov/releases/h41/20240118/","733221","02DF9201A388D528C438D227FF38101C21FB21D8A12D24E8DC62A6058119A635","Reserve balances with Federal Reserve Banks 3,611,719 + 112,971 + 464,387 3,592,326","05103AF2B72DD0509B9FA25025B728763394FB07109B1933733E96B84D7B4E59","3611719","112971","464387","3592326","RESERVE_EXPAND"
"20240125","January 25, 2024","MODERN_BODY","https://www.federalreserve.gov/releases/h41/20240125/","733296","05E3FB006C988BB7E51839C288212BC394DC9197F0CDBA9C56A7A9983CCB1C74","Reserve balances with Federal Reserve Banks 3,526,683 - 85,036 + 494,794 3,489,709","85F1DA7FBA6373E889EC140E90CBEFB8EF70E0AA98C54A9DDF4F23794CE682BF","3526683","-85036","494794","3489709","RESERVE_CONTRACT"
"20240201","February 01, 2024","MODERN_BODY","https://www.federalreserve.gov/releases/h41/20240201/","735179","12C686DC49548BA1B43291F766755719A21AB7AB9BEF3BA9A3BEDB80306725A9","Reserve balances with Federal Reserve Banks 3,526,230 - 453 + 510,724 3,411,717","E876A6F60E6EBE83170C944E949CEC821C23F12C69DD2EAE1297E431E22C5DEF","3526230","-453","510724","3411717","RESERVE_CONTRACT"
"20240208","February 08, 2024","MODERN_BODY","https://www.federalreserve.gov/releases/h41/20240208/","733137","C386ED28317B7CBE7A45EB106EA8A613985820198F560C2E1A39DD4B99D31F40","Reserve balances with Federal Reserve Banks 3,599,323 + 73,093 + 561,739 3,555,738","AD6EE9A6A25728B34015CB137F5AB7252B32B75B0BEA1BDC396A46DEC3979034","3599323","73093","561739","3555738","RESERVE_EXPAND"
"20240215","February 15, 2024","MODERN_BODY","https://www.federalreserve.gov/releases/h41/20240215/","733097","F6F4228D38EFD2BE5192FD428AE530FC2291C5B88AFE92DE652486664B0425D0","Reserve balances with Federal Reserve Banks 3,540,945 - 58,378 + 499,907 3,537,469","94743CA6849B6A67B5470745F886921D975200D344379F5D3AB6B1B791280846","3540945","-58378","499907","3537469","RESERVE_CONTRACT"
"20240222","February 22, 2024","MODERN_BODY","https://www.federalreserve.gov/releases/h41/20240222/","733087","22247167CA62DE661E7B30BB5313EC4B59F55CFA461CA26BDF8C36F0EA628CA2","Reserve balances with Federal Reserve Banks 3,565,999 + 25,054 + 549,422 3,523,095","4E3F74AF80E95A0808449598851562BF5853BA0295554468D3927F4A40A14041","3565999","25054","549422","3523095","RESERVE_EXPAND"
"20240229","February 29, 2024","MODERN_BODY","https://www.federalreserve.gov/releases/h41/20240229/","733462","2D00F15F9E27B598581DAE95E80025C9B2C740BC9790E9F4124CA8693ED54D4D","Reserve balances with Federal Reserve Banks 3,567,552 + 1,553 + 569,249 3,540,982","5FF8FEAEDAC5A871F1E0E6B8D1D03B99CD76A33A1CDA4BEB63FA32558724D264","3567552","1553","569249","3540982","RESERVE_EXPAND"
"20240307","March 07, 2024","MODERN_BODY","https://www.federalreserve.gov/releases/h41/20240307/","716871","2D1128263F8F90839CD7F480F5DADF6D45379D7D0C8E177FE585B14C9A6198E9","Reserve balances with Federal Reserve Banks 3,626,176 + 58,624 + 626,456 3,620,689","6480EEEFC7ECBC9B9CB0A36F7CA6AFDB80EF1AC156CDDA14ED3D6073FC2FBB52","3626176","58624","626456","3620689","RESERVE_EXPAND"
"20240314","March 14, 2024","MODERN_BODY","https://www.federalreserve.gov/releases/h41/20240314/","714040","2A5C92DE85052AF1D3A023AFFAFF18279BC151D4431CE53A30A78C6898E8BA4C","Reserve balances with Federal Reserve Banks 3,624,633 - 1,543 + 373,151 3,573,153","06C438B4091CEFF989831AF789A6D3356C786DC44599E353B96564743F77ECAE","3624633","-1543","373151","3573153","RESERVE_CONTRACT"
"20240321","March 21, 2024","MODERN_BODY","https://www.federalreserve.gov/releases/h41/20240321/","713945","75D29DA5B5165E918E88C77666FBE5169608065A208EB82ED3703A3E8456876A","Reserve balances with Federal Reserve Banks 3,553,424 - 71,209 + 128,349 3,489,577","0C07505A7A47BCEE0B57582541868B90E5544D3CF7D24E38892194C5C999461F","3553424","-71209","128349","3489577","RESERVE_CONTRACT"
"20240328","March 28, 2024","MODERN_BODY","https://www.federalreserve.gov/releases/h41/20240328/","714452","19D25159A2CA8C0DFB6B0271A53C21F81B8C9F71EA4D20BAB2ECAF01C135D7C7","Reserve balances with Federal Reserve Banks 3,496,121 - 57,303 + 58,529 3,472,403","AE86A767ED50200555006B999EB1124564E7AFFB29AA0B8E025892A8D0E80C7A","3496121","-57303","58529","3472403","RESERVE_CONTRACT"
"20240404","April 04, 2024","MODERN_BODY","https://www.federalreserve.gov/releases/h41/20240404/","714552","64D1CEE77B18A07AD5BBEDDDEC1B26B750C24EF831EB04F9DD44F7361A0F16B6","Reserve balances with Federal Reserve Banks 3,414,288 - 81,833 + 122,230 3,541,167","BC2C763D35D8A07BC6C8F6912DAF6DF7389D682899DAB97390756403C4ABE32C","3414288","-81833","122230","3541167","RESERVE_CONTRACT"
"20240411","April 11, 2024","MODERN_BODY","https://www.federalreserve.gov/releases/h41/20240411/","714172","367B2F6885587CC91ECA2FD1DAE061FB9E3E53C104F333C2B00C43FD90E84AF8","Reserve balances with Federal Reserve Banks 3,586,845 + 172,557 + 172,856 3,615,691","4F054C297DBE2C49CC860D908D15B2AC6D63E9A8C049649980FA23B6BB5CC7DF","3586845","172557","172856","3615691","RESERVE_EXPAND"
"20240418","April 18, 2024","MODERN_BODY","https://www.federalreserve.gov/releases/h41/20240418/","714597","3A75FB9FFF01D216513CA15728C1B7A58DCA12633142A2703CD89D3E9023A964","Reserve balances with Federal Reserve Banks 3,522,717 - 64,128 + 219,565 3,329,532","5026BB6179C305F80941DF21210D59FE17A2580465EBF95E50A5519E71F871E4","3522717","-64128","219565","3329532","RESERVE_CONTRACT"
"20240425","April 25, 2024","MODERN_BODY","https://www.federalreserve.gov/releases/h41/20240425/","714392","19D33446DDFD3E466453557B7B58E1B94C42A86FEE8C7818B133B182F0548018","Reserve balances with Federal Reserve Banks 3,324,363 - 198,354 + 188,708 3,271,706","7C5108FDDCE8B528DEBC164679DAC70702DF7296A16D77426A5FECA6746BFC57","3324363","-198354","188708","3271706","RESERVE_CONTRACT"
"20240502","May 02, 2024","MODERN_BODY","https://www.federalreserve.gov/releases/h41/20240502/","716644","2FADFCC222C8AC80703C564A1F0ED4E2C99FD9A11A85186B82520F249C35658C","Reserve balances with Federal Reserve Banks 3,252,733 - 71,630 + 163,027 3,316,943","1469472AFA55422CE0550101024926240206F39B98E719809C500AD4E6408377","3252733","-71630","163027","3316943","RESERVE_CONTRACT"
"20240509","May 09, 2024","MODERN_BODY","https://www.federalreserve.gov/releases/h41/20240509/","714747","F49EA610D1D46EAED78C4107ADFF697F2FC7EBC153707C12C3A042C0CD6DB3D2","Reserve balances with Federal Reserve Banks 3,331,156 + 78,423 + 134,727 3,330,687","9091E927B0167FA8004A703A4E67293A0ED608AB84FFCFC460FFA300F1AD9DDA","3331156","78423","134727","3330687","RESERVE_EXPAND"
"20240516","May 16, 2024","MODERN_BODY","https://www.federalreserve.gov/releases/h41/20240516/","714642","66B5B07464147E3AB62D184816AB2681D33C2E689195856415076F24D5AA3EB2","Reserve balances with Federal Reserve Banks 3,369,747 + 38,591 + 120,869 3,416,386","B524136FA6D6BB4AB0FEE26FC0804047F4DAC7017656A6D90B3A39738C58D6F6","3369747","38591","120869","3416386","RESERVE_EXPAND"
"20240523","May 23, 2024","MODERN_BODY","https://www.federalreserve.gov/releases/h41/20240523/","716706","2382797BFDF7A6606AEC237450F2CDE337F10D89899ECB53B19414DFA769E8C9","Reserve balances with Federal Reserve Banks 3,390,794 + 21,047 + 150,622 3,375,014","F071D4E4BFC0CC20FCBC371FD02C4F0B8DFA5E3258D1DF0CB0950B448DE7E1F1","3390794","21047","150622","3375014","RESERVE_EXPAND"
"20240530","May 30, 2024","MODERN_BODY","https://www.federalreserve.gov/releases/h41/20240530/","714567","CFFC9569519AB4591CAF03B4B0AAEC47803BC7D6BE18264E3BD179F9AACBF58E","Reserve balances with Federal Reserve Banks 3,409,342 + 18,548 + 99,895 3,391,075","D104932913AAF9F237149AED08372894B58AF56FFA108E07284A056AFEC5CB3F","3409342","18548","99895","3391075","RESERVE_EXPAND"
"20240606","June 06, 2024","MODERN_BODY","https://www.federalreserve.gov/releases/h41/20240606/","714594","671CF50011C59E3B9D3512AD5F1378E1509677297689967124010C0E8D3C8B44","Reserve balances with Federal Reserve Banks 3,408,310 - 1,032 + 58,559 3,457,738","6A02D8B62FB743F0D86359D350108DB2FB8B2FB8E5F587D7541D755F87D2D680","3408310","-1032","58559","3457738","RESERVE_CONTRACT"
"20240613","June 13, 2024","MODERN_BODY","https://www.federalreserve.gov/releases/h41/20240613/","714545","1720F0235381F4748C2B409D411E7EBB9FD17AE9EE16FC955D1C956C6F4E962B","Reserve balances with Federal Reserve Banks 3,455,134 + 46,824 + 129,873 3,434,032","26C9B8714E7425C8C0FCD549AA9DC6F61FA4483A9DA93D6D38CB702402E89A09","3455134","46824","129873","3434032","RESERVE_EXPAND"
"20240620","June 20, 2024","MODERN_BODY","https://www.federalreserve.gov/releases/h41/20240620/","714620","F522B66695FEF5FD54A02F75389B22ACB159F0FF6982271D9D64083A7E15A9D9","Reserve balances with Federal Reserve Banks 3,434,274 - 20,860 + 182,716 3,366,166","AA2AC3B9A210C701EB140FED661D5FADE53F50BDEA0868FFFA98789C92720536","3434274","-20860","182716","3366166","RESERVE_CONTRACT"
"20240627","June 27, 2024","MODERN_BODY","https://www.federalreserve.gov/releases/h41/20240627/","714760","2F36C6C3F5495281F6EEA7C9490DFF4928A798B29E8318B3518AFC9A0DF02F36","Reserve balances with Federal Reserve Banks 3,302,647 - 131,627 + 131,080 3,268,895","EA500ABC572231C69612C52A7DF18D765C412DA35EAE18063F26E896C467F6A6","3302647","-131627","131080","3268895","RESERVE_CONTRACT"
"20240705","July 05, 2024","MODERN_BODY","https://www.federalreserve.gov/releases/h41/20240705/","714930","3C6E8668A651BD263ED46B45A6769943CB4BD8A2E5DE464B9355307EB03A6EFF","Reserve balances with Federal Reserve Banks 3,184,180 - 118,467 + 69,191 3,322,165","F24FFA43E06E9B4C737195DC70026D992E926001AFDB48C18028753D904614E0","3184180","-118467","69191","3322165","RESERVE_CONTRACT"
"20240711","July 11, 2024","MODERN_BODY","https://www.federalreserve.gov/releases/h41/20240711/","714445","4EF16E11B01C070EE89096A3E1F7E3251E483C06414062A0AC8E8B2B8173F71C","Reserve balances with Federal Reserve Banks 3,341,977 + 157,797 + 175,370 3,341,046","7737E3908049242B7D6D420A6FC79021AD8D17DFA9AF3452AD1598AA1BF8CB1D","3341977","157797","175370","3341046","RESERVE_EXPAND"
"20240718","July 18, 2024","MODERN_BODY","https://www.federalreserve.gov/releases/h41/20240718/","721151","B2D1094CD16267AB06D7124F9DC4AD9998E5635591BB08896AA0E9C47059A2B2","Reserve balances with Federal Reserve Banks 3,331,425 - 10,552 + 100,968 3,322,446","31FC37C59B856CE048793E45AFBBC9BC5E7134AF9BE393DC71465BC0BEF22364","3331425","-10552","100968","3322446","RESERVE_CONTRACT"
"20240725","July 25, 2024","MODERN_BODY","https://www.federalreserve.gov/releases/h41/20240725/","721136","46EAD110BD1E340892806ED482358F94648A9C1028C580E71C54471048F20798","Reserve balances with Federal Reserve Banks 3,308,580 - 22,845 + 136,336 3,275,885","3895A787B3A00DFC1A352DAE2064DCC422BC31E3F9CD61C0C923EE5D0DE90C0D","3308580","-22845","136336","3275885","RESERVE_CONTRACT"
"20240801","August 01, 2024","MODERN_BODY","https://www.federalreserve.gov/releases/h41/20240801/","723315","39A03F836EDA59E6976C69971C43C262DFBF56FCF85F27A01AF3D8B43348F7A2","Reserve balances with Federal Reserve Banks 3,293,519 - 15,061 + 103,986 3,178,700","D4B2441CB5CC326812619DC8F4D29DE7CA4BE034FBF9CFF1DBE8B976FB9C7B37","3293519","-15061","103986","3178700","RESERVE_CONTRACT"
"20240808","August 08, 2024","MODERN_BODY","https://www.federalreserve.gov/releases/h41/20240808/","721529","F5878476DCB0CB2FD8D1657B4A5D2B19DFE13420B223D7FE04035901B5B7EAA5","Reserve balances with Federal Reserve Banks 3,351,662 + 58,143 + 128,806 3,372,916","0724EEE95DB4E53B6677B792C17B9DDDF4D44319A479960AAA745216B9576BDA","3351662","58143","128806","3372916","RESERVE_EXPAND"
"20240815","August 15, 2024","MODERN_BODY","https://www.federalreserve.gov/releases/h41/20240815/","721809","E77685907082DB0BCF4CCE38AA1389E3697F0FBC32B6874C13CF962C83982812","Reserve balances with Federal Reserve Banks 3,346,138 - 5,524 + 100,167 3,338,916","FDFB90C5C97C4D57388EC97F105426EA6E8007178634FD756C06E5FE399462DD","3346138","-5524","100167","3338916","RESERVE_CONTRACT"
"20240822","August 22, 2024","MODERN_BODY","https://www.federalreserve.gov/releases/h41/20240822/","721549","A55DBD03A73E975B2AB2CB7A888069F21B423D3B60AB2A1A8EBE648F28CC4797","Reserve balances with Federal Reserve Banks 3,355,586 + 9,448 + 168,797 3,359,078","7C4B303AE6B899565EDBB30CC21B88C9E884C4C2AC417C3A4C9FB2199E69794D","3355586","9448","168797","3359078","RESERVE_EXPAND"
"20240829","August 29, 2024","MODERN_BODY","https://www.federalreserve.gov/releases/h41/20240829/","722109","7DB3C9F88A5E2ECC2EEEEBA267D22DCCC1B5A0450147F0C49B7F9B826BE0D354","Reserve balances with Federal Reserve Banks 3,313,566 - 42,020 + 75,221 3,244,959","EF42398B93A3E78DD874F3741BB78F97C8BC349BF1FE97AEE79B4D8283F6E679","3313566","-42020","75221","3244959","RESERVE_CONTRACT"
"20240905","September 05, 2024","MODERN_BODY","https://www.federalreserve.gov/releases/h41/20240905/","722045","03DE65F0D778FB79F866C626246C886399B798C63DD0CF08A1E1CD176BE82F7B","Reserve balances with Federal Reserve Banks 3,243,002 - 70,564 - 64,289 3,264,604","75FF6415AD5C5E86E2B2E33E1C44391E66541124C2D6A305D891FE304742F7D2","3243002","-70564","-64289","3264604","RESERVE_CONTRACT"
"20240912","September 12, 2024","MODERN_BODY","https://www.federalreserve.gov/releases/h41/20240912/","721860","2D973656553A70CAC62FB1926D4AE88A7CFAD965FC47E3F1C3427593F8923AF8","Reserve balances with Federal Reserve Banks 3,320,818 + 77,816 - 14,641 3,359,741","1E382D3866CB8A0373A7577F62EF40B55BC0052812809DB73FC0EDD6E9C803B2","3320818","77816","-14641","3359741","RESERVE_EXPAND"
"20240919","September 19, 2024","MODERN_BODY","https://www.federalreserve.gov/releases/h41/20240919/","722220","4526928D82E5E6ACF6FF754DA7723DD3F5D39EC29F94F1087AB2E0C5D5EE64F6","Reserve balances with Federal Reserve Banks 3,313,281 - 7,537 + 81,632 3,216,822","D1FEE95437F0B07C41D6BE2F816AAFB1DA4D9EED81DA99E97BB96A270E76171E","3313281","-7537","81632","3216822","RESERVE_CONTRACT"
"20240926","September 26, 2024","MODERN_BODY","https://www.federalreserve.gov/releases/h41/20240926/","722540","EE06EC43AC7EE91A30D1B152EA0A66EE02D04C9E7735A92397FA931A6B00B6C7","Reserve balances with Federal Reserve Banks 3,169,149 - 144,132 - 1,175 3,141,565","59163073372CFAF557C14FDE46E3690602270F1B5B096FF006E7956522EFB38D","3169149","-144132","-1175","3141565","RESERVE_CONTRACT"
"20241003","October 03, 2024","MODERN_BODY","https://www.federalreserve.gov/releases/h41/20241003/","722466","9B88C28BC4714FCA1B1C935347B02BD0FD92432D254826F16CF68AF62799877A","Reserve balances with Federal Reserve Banks 3,089,598 - 79,551 - 56,122 3,097,210","E4B8673E9B795E39E61EBD4846697AA7E7BA4CF97429C43BFDE6AE1B16E1F66F","3089598","-79551","-56122","3097210","RESERVE_CONTRACT"
"20241010","October 10, 2024","MODERN_BODY","https://www.federalreserve.gov/releases/h41/20241010/","722551","030B8D540C15746A9FABDAA30FC9CCE4200A258AFB9F2539134A65D28F90AFCB","Reserve balances with Federal Reserve Banks 3,186,207 + 96,609 - 102,738 3,197,045","EAC106B33393CE5190F7386EA6D5EB3B7A1C6BB0EEF0D7237B80E9607B810016","3186207","96609","-102738","3197045","RESERVE_EXPAND"
"20241017","October 17, 2024","MODERN_BODY","https://www.federalreserve.gov/releases/h41/20241017/","722446","FD2E6AE67F77EE3ABDAC93F1421750428C07D3B56EC9A889BFCB4C413D2C8E56","Reserve balances with Federal Reserve Banks 3,209,877 + 23,670 - 144,004 3,228,838","78732079D75869EF885489F7A57320A1840F8CD22070A2A98EA4C7D47087A752","3209877","23670","-144004","3228838","RESERVE_EXPAND"
"20241024","October 24, 2024","MODERN_BODY","https://www.federalreserve.gov/releases/h41/20241024/","722611","DD0AD91CA4D113A8FCA1BB59FF724AA76C3D3DA2CAED27DE597F1769CC92526B","Reserve balances with Federal Reserve Banks 3,230,145 + 20,268 - 31,741 3,228,462","355279F75417BEABF8CEE77D3DE32EDD7611C5F37CA1C8ABFD54643D479A4C5A","3230145","20268","-31741","3228462","RESERVE_EXPAND"
"20241031","October 31, 2024","MODERN_BODY","https://www.federalreserve.gov/releases/h41/20241031/","722801","5CF577FF8EDDFE479D79DF4186E4D06FEB77D1B237392656325ECB35B005FBC8","Reserve balances with Federal Reserve Banks 3,236,958 + 6,813 - 30,258 3,215,794","305C5B5D73D532805A362BD82C97D1CC8502D3DA0598213CB891BAE5A50D13AA","3236958","6813","-30258","3215794","RESERVE_EXPAND"
"20241107","November 07, 2024","MODERN_BODY","https://www.federalreserve.gov/releases/h41/20241107/","724680","25ED4AC79402B4B75F1BE09BFDCDFBE149760963EAAA474233674461D14B3A16","Reserve balances with Federal Reserve Banks 3,274,120 + 37,162 - 54,788 3,255,532","89762717D94ED026DB3C6802654EAC62B8EE0F27B05F81B2A555B4A27634073F","3274120","37162","-54788","3255532","RESERVE_EXPAND"
"20241114","November 14, 2024","MODERN_BODY","https://www.federalreserve.gov/releases/h41/20241114/","722269","91DBEF24291003BD6C441DE42838E42BFF29B57ED3750DC2DC0E4FDC2D5FF63A","Reserve balances with Federal Reserve Banks 3,244,149 - 29,971 - 147,564 3,192,048","0DC5AD782849CF1E762E29F1BA2F56F56C825A9E2CF838F0823ABD7A0577B823","3244149","-29971","-147564","3192048","RESERVE_CONTRACT"
"20241121","November 21, 2024","MODERN_BODY","https://www.federalreserve.gov/releases/h41/20241121/","722489","33326A41B565DAE7A4562854DC8B83C3B91DC4F89618F8A3260CAB4484D862C5","Reserve balances with Federal Reserve Banks 3,286,885 + 42,736 - 166,968 3,267,319","3B19E473E1BC7EBB6C09A5172116674D5A45310B9A7606B9A4A32D4FCA6CCA65","3286885","42736","-166968","3267319","RESERVE_EXPAND"
"20241129","November 29, 2024","MODERN_BODY","https://www.federalreserve.gov/releases/h41/20241129/","725406","75BD9B3C22727663E7A67471188E84745D87E17B0C8B076A7F613EC435E77E6A","Reserve balances with Federal Reserve Banks 3,227,674 - 59,211 - 213,907 3,234,035","52E6CD07CA78197AC0697F3FE0DA5DBF7992089638DD43FBAFC344F4C5EE76AC","3227674","-59211","-213907","3234035","RESERVE_CONTRACT"
"20241205","December 05, 2024","MODERN_BODY","https://www.federalreserve.gov/releases/h41/20241205/","722661","0CEF0636C480BFB5D41DCCD15293943A4B01A366270A4B865E686C972D6F7022","Reserve balances with Federal Reserve Banks 3,225,075 - 2,599 - 288,299 3,216,149","25EE42AFEDDCE5DD18DB255FC60D8BDF45F05E318E611A92870A107A68FEC8A4","3225075","-2599","-288299","3216149","RESERVE_CONTRACT"
"20241212","December 12, 2024","MODERN_BODY","https://www.federalreserve.gov/releases/h41/20241212/","722176","2A138B45C741EDFBCADACC9A7E68D366AEA7BB0B25091CBE51C0BCFF64BC2327","Reserve balances with Federal Reserve Banks 3,264,559 + 39,484 - 276,060 3,273,805","9130A1CE8E8AEC771AC2064D7738B6307B4476EF87A4E4D6DF84B8687DB613DB","3264559","39484","-276060","3273805","RESERVE_EXPAND"
"20241219","December 19, 2024","MODERN_BODY","https://www.federalreserve.gov/releases/h41/20241219/","722841","449AA07B06EE81A0FE9C0C5A540FBF73A55C663EADF10A3BF941B20A56F2D43C","Reserve balances with Federal Reserve Banks 3,282,229 + 17,670 - 253,876 3,237,459","0BE9698468F12A41A65C978D888E902021FDAD1C3DAB67C752206546FD2ADC0D","3282229","17670","-253876","3237459","RESERVE_EXPAND"
"20241226","December 26, 2024","MODERN_BODY","https://www.federalreserve.gov/releases/h41/20241226/","722701","F55CDD8F79FE51A33389D65AA5C844CB48E8FEF4A45BA503F4AB47A329E04A46","Reserve balances with Federal Reserve Banks 3,247,382 - 34,847 - 199,077 3,218,476","ACA736C8F9B00D5CF26CF46D709356A75EF4EDBF5A7FD7FFFAD7B462B627457C","3247382","-34847","-199077","3218476","RESERVE_CONTRACT"
"20250102","January 02, 2025","MODERN_BODY","https://www.federalreserve.gov/releases/h41/20250102/","722459","3D400C321789E901EB97DDF3AC72ACE056351248359E4CE425ECF93CBDE64A7D","Reserve balances with Federal Reserve Banks 3,095,997 - 151,385 - 166,898 2,892,359","2630837088AE3D0D9B3BAA401F451AD66771B81EFB3377B391557CE53FC3220B","3095997","-151385","-166898","2892359","RESERVE_CONTRACT"
"20250110","January 10, 2025","MODERN_BODY","https://www.federalreserve.gov/releases/h41/20250110/","722169","8E1C3F387F254CB0E60A75D00EB06D36137F6F4091D207F8DCBF71C5541A3883","Reserve balances with Federal Reserve Banks 3,254,743 + 158,746 - 244,005 3,332,435","8356B566D54DEE1220BD27322BA9A8E8B415DE7017DA695210D126823BCB4E23","3254743","158746","-244005","3332435","RESERVE_EXPAND"
"20250116","January 16, 2025","MODERN_BODY","https://www.federalreserve.gov/releases/h41/20250116/","722534","C5D1710A22276894C930960E382A8C4DAA5CE512773164C1C667CE1DA4057DED","Reserve balances with Federal Reserve Banks 3,340,816 + 86,073 - 270,903 3,359,041","9BE4BF5DF03DCC1B3E75FEFA6B8ABC3EA0C18742CA138DB8F37ECAA6F7CD1ED9","3340816","86073","-270903","3359041","RESERVE_EXPAND"
"20250123","January 23, 2025","MODERN_BODY","https://www.federalreserve.gov/releases/h41/20250123/","722324","0EF52060431A8E03DAC09C662930E59C23DFAA96E7C80706B257D3E676908CE4","Reserve balances with Federal Reserve Banks 3,332,278 - 8,538 - 194,405 3,331,196","FFB90C1AE444A2689C8FBD223D97C57C628A7202A4096222911FDD18F23208CC","3332278","-8538","-194405","3331196","RESERVE_CONTRACT"
"20250130","January 30, 2025","MODERN_BODY","https://www.federalreserve.gov/releases/h41/20250130/","722614","8A6FE30BEC3545A74651C47EEA22AEC26FD2D9661E620502D0A1EC702A520F1B","Reserve balances with Federal Reserve Banks 3,224,785 - 107,493 - 301,445 3,200,654","9907C48AE2D7E56DA28318E62DAB24825236CBE86E3BBEE8AE98D2EE6742C2E0","3224785","-107493","-301445","3200654","RESERVE_CONTRACT"
"20250206","February 06, 2025","MODERN_BODY","https://www.federalreserve.gov/releases/h41/20250206/","718170","1AB5E629F099AC0132A1FA0F285EE13257A5CAEFEB5851DAB232588790CA0C30","Reserve balances with Federal Reserve Banks 3,177,065 - 47,720 - 422,258 3,233,328","3273930253194EE24FE8EFDD0CD5B9253A233800BE1EE095C5B1DC61911159A2","3177065","-47720","-422258","3233328","RESERVE_CONTRACT"
"20250213","February 13, 2025","MODERN_BODY","https://www.federalreserve.gov/releases/h41/20250213/","716125","7ED2C9DA42139F4B5FB777A30D9964155FF45483F5E9B41A6A366D263AAE0100","Reserve balances with Federal Reserve Banks 3,220,027 + 42,962 - 320,918 3,255,407","464099728E61BB180E403DF5ACFA6F20F98703A23B8518F601993BB4C5DAAF59","3220027","42962","-320918","3255407","RESERVE_EXPAND"
"20250220","February 20, 2025","MODERN_BODY","https://www.federalreserve.gov/releases/h41/20250220/","715905","3980CE6948AFDF855F2633F171854FED22CE98373905503C90993C8520FD5B83","Reserve balances with Federal Reserve Banks 3,270,082 + 50,055 - 295,917 3,276,141","95861AF56E60BA83DF0532D124F881D4380DB99655D0691A8A2B0993129311BB","3270082","50055","-295917","3276141","RESERVE_EXPAND"
"20250227","February 27, 2025","MODERN_BODY","https://www.federalreserve.gov/releases/h41/20250227/","716490","ED2CB27677CC527E472BEE2BFD84D8B17018C7FF120AC735313A8DBE795369E8","Reserve balances with Federal Reserve Banks 3,327,249 + 57,167 - 240,303 3,380,755","9FF520D9EF36CF8A0BEF948C638F8150C730316B7AF974F9602A31D575AAE23E","3327249","57167","-240303","3380755","RESERVE_EXPAND"
"20250306","March 06, 2025","MODERN_BODY","https://www.federalreserve.gov/releases/h41/20250306/","716209","201E6C7D5DFC0386704F93736CAF0C43BF9AE455D7B09439F3BF42931BF68B9C","Reserve balances with Federal Reserve Banks 3,312,625 - 14,624 - 313,551 3,381,174","D81012F76E8833F1B9BA16BB20633444714CC9333852F0C53CC78C955A8C3F5E","3312625","-14624","-313551","3381174","RESERVE_CONTRACT"
"20250313","March 13, 2025","MODERN_BODY","https://www.federalreserve.gov/releases/h41/20250313/","715979","DF90F5CC1764E95E09580878709B1ACB323BDF392A2CE5F10BC5492BC4D37EF6","Reserve balances with Federal Reserve Banks 3,400,235 + 87,610 - 224,398 3,459,687","13DC474A2BC307AB522F7CE7390E169DD3A81348F2A05ABD8FA5FDD184BC74ED","3400235","87610","-224398","3459687","RESERVE_EXPAND"
"20250320","March 20, 2025","MODERN_BODY","https://www.federalreserve.gov/releases/h41/20250320/","716093","52DF7F7BA29EABB12755ADAB31795BA47F13721F4886ED3224F63BC74C536942","Reserve balances with Federal Reserve Banks 3,467,789 + 67,554 - 85,635 3,425,713","E059A78BB3D2C497B379C048486A7603022D9FCFBC6888EB4A1E2AE408E929A0","3467789","67554","-85635","3425713","RESERVE_EXPAND"
"20250327","March 27, 2025","MODERN_BODY","https://www.federalreserve.gov/releases/h41/20250327/","715958","67164BD3DFBFED3E59979F08ECE30FFCC2365DE9962ABE14D67FBEDADAAC8B32","Reserve balances with Federal Reserve Banks 3,450,933 - 16,856 - 45,188 3,450,550","AD3016D3E4C42CF54CE42F89219C785CE26F0847D34E75CDE2F47751AA58C6F6","3450933","-16856","-45188","3450550","RESERVE_CONTRACT"
"20250403","April 03, 2025","MODERN_BODY","https://www.federalreserve.gov/releases/h41/20250403/","705857","63BF72F611CF538FA49217FF1AFA7B9E8D5EB4ADF2E8F0FD26A440F2CA6F782B","Reserve balances with Federal Reserve Banks 3,379,339 - 71,594 - 34,949 3,427,049","6E0BFD06280EB3B5DCF5E694FD6228205D8AE5E16A5245FBC59D74091C9C14B1","3379339","-71594","-34949","3427049","RESERVE_CONTRACT"
"20250410","April 10, 2025","MODERN_BODY","https://www.federalreserve.gov/releases/h41/20250410/","705932","90A71C3D417FB96305EAFDF7CEB0A651FF41A83B34D21C1BC047484B4A82E094","Reserve balances with Federal Reserve Banks 3,474,682 + 95,343 - 112,163 3,484,345","89F217501807256F78BF92C822209E757B55BC630E00A3C99BAFC6BB8307FE87","3474682","95343","-112163","3484345","RESERVE_EXPAND"
"20250417","April 17, 2025","MODERN_BODY","https://www.federalreserve.gov/releases/h41/20250417/","706337","0CD5E959034430CB4C02283403FB52028F9E236F5D2B7AFE28B0BA691F62F9AE","Reserve balances with Federal Reserve Banks 3,452,030 - 22,652 - 70,687 3,280,845","1A3CF93F98D7E33A81B8E0378E68854469D69ED669E4B52505B644C8480B9315","3452030","-22652","-70687","3280845","RESERVE_CONTRACT"
"20250424","April 24, 2025","MODERN_BODY","https://www.federalreserve.gov/releases/h41/20250424/","706092","9A3C5BD7CBB94C9916F154EC57C161B4154D03C01217AAD0486D44D7AEEFA425","Reserve balances with Federal Reserve Banks 3,256,734 - 195,296 - 67,629 3,208,915","2DF4B7DCFE7A331C54B6A6A602585BF8E70804BFFD1F5F845E3652074F95EE8C","3256734","-195296","-67629","3208915","RESERVE_CONTRACT"
"20250501","May 01, 2025","MODERN_BODY","https://www.federalreserve.gov/releases/h41/20250501/","708185","1FF533B6D867687847A0B94AFD0CD60A98F6F1A4CCFA7F252676518D7462EBBC","Reserve balances with Federal Reserve Banks 3,219,214 - 37,520 - 33,519 3,000,277","699002BF23BBE9F8B4BD28C45BD845FD571C25B0AF11F42D196F53F4ED0F2F1E","3219214","-37520","-33519","3000277","RESERVE_CONTRACT"
"20250508","May 08, 2025","MODERN_BODY","https://www.federalreserve.gov/releases/h41/20250508/","706465","946488A275B5992F013FF510F444967BE1AD9379DF4903808D15138105D09936","Reserve balances with Federal Reserve Banks 3,218,636 - 578 - 112,520 3,200,619","01757260CEADA82EECD939B13423E4F3DCD353849952DFD77B185C1BB173AE71","3218636","-578","-112520","3200619","RESERVE_CONTRACT"
"20250515","May 15, 2025","MODERN_BODY","https://www.federalreserve.gov/releases/h41/20250515/","706125","0AE142D4A313166EB43D48AB60B6D626033C0CB8AE0771D2189E82D3DB24F5FE","Reserve balances with Federal Reserve Banks 3,235,723 + 17,087 - 134,024 3,235,715","655D367BF70FAF448D6FC39C6782984345D67E99DDEA2C4A6285CADA4EDC3E31","3235723","17087","-134024","3235715","RESERVE_EXPAND"
"20250522","May 22, 2025","MODERN_BODY","https://www.federalreserve.gov/releases/h41/20250522/","705930","D9DDFFE7432C73C1B86B4DF5FEAA5B65858FEFB704BB3F75B8E1C89657ECF1DD","Reserve balances with Federal Reserve Banks 3,289,469 + 53,746 - 101,325 3,283,765","6B5CFFC97137EE07300EE4D47E1B3F476C8FB219F6F074C1F13B97176B099EEC","3289469","53746","-101325","3283765","RESERVE_EXPAND"
"20250529","May 29, 2025","MODERN_BODY","https://www.federalreserve.gov/releases/h41/20250529/","706065","997C6DEFF4783846C4644689C78AD131BA7948645813559460D38C6A1B4DDD00","Reserve balances with Federal Reserve Banks 3,270,661 - 18,808 - 138,681 3,294,014","8416CF70BB94FF6576D074CC70BB381A03663798283369F705CB78456D1028D0","3270661","-18808","-138681","3294014","RESERVE_CONTRACT"
"20250605","June 05, 2025","MODERN_BODY","https://www.federalreserve.gov/releases/h41/20250605/","706257","BA6E343EC82B649D7BD773B8D0474A34AE15BF16AADF03A701BF39D8DB1C4242","Reserve balances with Federal Reserve Banks 3,294,381 + 23,720 - 113,929 3,361,938","B44D7959F046816A5BC029D091271A568A29B342CAA0A51E8914C3414D5029E7","3294381","23720","-113929","3361938","RESERVE_EXPAND"
"20250612","June 12, 2025","MODERN_BODY","https://www.federalreserve.gov/releases/h41/20250612/","706037","D0804F7C5A392FF174D163E2AE911FC6472F17E4FD8747146BBF17D164AC1EF5","Reserve balances with Federal Reserve Banks 3,407,108 + 112,727 - 48,026 3,429,675","FA3DBA47143241FE0C0A1B46DDB573D27F17AA31CAB1FB917FAD4125C27A2F42","3407108","112727","-48026","3429675","RESERVE_EXPAND"
"20250620","June 20, 2025","MODERN_BODY","https://www.federalreserve.gov/releases/h41/20250620/","706382","CB8F159E104F02A04CBCE11957A225DD5588E1DED40E8D53876D2651ABC8B054","Reserve balances with Federal Reserve Banks 3,406,366 - 742 - 27,908 3,322,991","309F4DEBFDCF9DF1238937D151734AE715DC083965F299B232C249F5DF52E249","3406366","-742","-27908","3322991","RESERVE_CONTRACT"
"20250626","June 26, 2025","MODERN_BODY","https://www.federalreserve.gov/releases/h41/20250626/","706442","1DA8042C5755CF6CB782C3522F2E0248A03AD30A4D967A0FFB03D3DBA9F5BC42","Reserve balances with Federal Reserve Banks 3,369,328 - 37,038 + 66,681 3,347,274","CDF74A897D90B6E443EA143610614171C4AF23AEEEBD7E990B9374D6CCACDC13","3369328","-37038","66681","3347274","RESERVE_CONTRACT"
"20250703","July 03, 2025","MODERN_BODY","https://www.federalreserve.gov/releases/h41/20250703/","706247","13BB86C2C0AE84538993B81BAECF3682C53CCA74615E4AA024378B0B3D492B12","Reserve balances with Federal Reserve Banks 3,225,980 - 143,348 + 41,800 3,256,502","64C07AED20DAE4CBA39EC99F93E8BF1270C7BE8A15EF802D172F0F443FE3E7D7","3225980","-143348","41800","3256502","RESERVE_CONTRACT"
"20250710","July 10, 2025","MODERN_BODY","https://www.federalreserve.gov/releases/h41/20250710/","706192","2B31EBCBB97EE11B3BEFC9E84D80E805484F138D2384E150B06F9E023FBBCF4D","Reserve balances with Federal Reserve Banks 3,330,249 + 104,269 - 11,728 3,341,999","55596246298E5AB21B39DD8EFA924FEFDA3396D02BC03718475CAB11DB0D7D99","3330249","104269","-11728","3341999","RESERVE_EXPAND"
"20250717","July 17, 2025","MODERN_BODY","https://www.federalreserve.gov/releases/h41/20250717/","706452","6A985262B57DC256531911902E45FECF21EE04312D26FBBCC7AFF301022E047D","Reserve balances with Federal Reserve Banks 3,398,822 + 68,573 + 67,397 3,375,036","8B7308137240ED77E159A31065C8B9261E0C216CD076DA9ADA22BB744BE1CFE6","3398822","68573","67397","3375036","RESERVE_EXPAND"
"20250724","July 24, 2025","MODERN_BODY","https://www.federalreserve.gov/releases/h41/20250724/","706122","40BE6CF6B843FEDF6BB657D4BA41B8FAC45C74707734D5F8CB4AD4FE9ECC548A","Reserve balances with Federal Reserve Banks 3,362,277 - 36,545 + 53,697 3,358,382","EFC7EEA430E971236C43F89D9C1A74E96D357C921BDF3C3603C9432BE5FEDF3A","3362277","-36545","53697","3358382","RESERVE_CONTRACT"
"20250731","July 31, 2025","MODERN_BODY","https://www.federalreserve.gov/releases/h41/20250731/","708124","8853E872D63892BD293C14091C2005935CC61CE21256301C75C2CBA07D9E852D","Reserve balances with Federal Reserve Banks 3,347,414 - 14,863 + 53,895 3,299,696","8AC3E9E480521331FE70F820E77F3C304091F2EFD628917461DD926684C39074","3347414","-14863","53895","3299696","RESERVE_CONTRACT"
"20250807","August 07, 2025","MODERN_BODY","https://www.federalreserve.gov/releases/h41/20250807/","706175","C92D6BB208773837C3594E9B8C572AF16196FEEF915CBBE855606415468BE6B9","Reserve balances with Federal Reserve Banks 3,332,492 - 14,922 - 19,170 3,330,372","F04A9F2333683E46CB4035BAE9F7801879CB387C3FB89B84CE55A99D8695B092","3332492","-14922","-19170","3330372","RESERVE_CONTRACT"
"20250814","August 14, 2025","MODERN_BODY","https://www.federalreserve.gov/releases/h41/20250814/","706235","6BACF3B07B90F26DD1664FAD190141664794884B2E5804F4930C696D6D2499E9","Reserve balances with Federal Reserve Banks 3,320,050 - 12,442 - 26,088 3,328,346","EBEF4D3586A042C0419A44A323C76EB6888A6B080EEE833A25EA411CE962E9F8","3320050","-12442","-26088","3328346","RESERVE_CONTRACT"
"20250821","August 21, 2025","MODERN_BODY","https://www.federalreserve.gov/releases/h41/20250821/","705910","FE508A9C93BC8A95A5406C20108B4EC435F9EF8D29B340EFECA5449DE127A21B","Reserve balances with Federal Reserve Banks 3,317,292 - 2,758 - 38,294 3,297,635","197F906A7686ADFD356DFC14F837822DAC4D63C0CEFF4EA61D42F314B253C6FF","3317292","-2758","-38294","3297635","RESERVE_CONTRACT"
"20250828","August 28, 2025","MODERN_BODY","https://www.federalreserve.gov/releases/h41/20250828/","706111","9B28D6F636F36B55A35C5975C3F8507BAFD7315AE2FCB73C76E62DC5DCF6B481","Reserve balances with Federal Reserve Banks 3,224,967 - 92,325 - 88,599 3,216,851","2C8EDAE13CB3D69D521BA947E426AEEFA1112E8A5117FB1E32523EF59D3D2456","3224967","-92325","-88599","3216851","RESERVE_CONTRACT"
"20250904","September 04, 2025","MODERN_BODY","https://www.federalreserve.gov/releases/h41/20250904/","706372","A467013A9481F83FB00D67D879571DB8875D1DADB37695417FAB8F44421C4864","Reserve balances with Federal Reserve Banks 3,181,701 - 43,266 - 61,301 3,167,905","2FA2CC63F852128070A41A86B19214BDFAFBB9C849AB512CEDE54625BD3E744F","3181701","-43266","-61301","3167905","RESERVE_CONTRACT"
"20250911","September 11, 2025","MODERN_BODY","https://www.federalreserve.gov/releases/h41/20250911/","706232","730944C2AB96E29CDD287CCE152D010137F3045ED5B0DB2C294A3B87C5358960","Reserve balances with Federal Reserve Banks 3,160,774 - 20,927 - 160,044 3,150,913","2EC35D420B5F8D2B1CEE8D82CDEAC17C77D4A2D009B787E4A921B96AB2CC9BC1","3160774","-20927","-160044","3150913","RESERVE_CONTRACT"
"20250918","September 18, 2025","MODERN_BODY","https://www.federalreserve.gov/releases/h41/20250918/","706212","E96E89A902B238EB5300B69E375BE03611F60DB2A402A8901540B86C84675AEC","Reserve balances with Federal Reserve Banks 3,073,355 - 87,419 - 239,926 3,020,352","083BE8BA9A67902C3D9DC37E6238FDFE11E2E6CD394673D81B8B65F82AD8BDBE","3073355","-87419","-239926","3020352","RESERVE_CONTRACT"
"20250925","September 25, 2025","MODERN_BODY","https://www.federalreserve.gov/releases/h41/20250925/","706157","577020FEB56215638A18983C1F4353FAC124DA6E00E0564F392F66DEE019411A","Reserve balances with Federal Reserve Banks 3,002,218 - 71,137 - 166,931 2,999,692","6DD633782669DCDC72FE5A80C82534F0DA28094A5A8DD7B9CA9DD8DF81AE83A3","3002218","-71137","-166931","2999692","RESERVE_CONTRACT"
"20251002","October 02, 2025","MODERN_BODY","https://www.federalreserve.gov/releases/h41/20251002/","706353","0F06453F18179BE8F967236F242227B9DA0B70357F8FC782F515C51DAEC1DD86","Reserve balances with Federal Reserve Banks 2,966,094 - 36,124 - 123,504 2,979,594","DDCFF830F0BB26290C80E98CFA1C67DF8C218A3643A43E673824653EEE5196A7","2966094","-36124","-123504","2979594","RESERVE_CONTRACT"
"20251009","October 09, 2025","MODERN_BODY","https://www.federalreserve.gov/releases/h41/20251009/","706368","00F0F51BA7DD135A100674107A5E654DE3EBBF8BB830259DF4D9E73B67931E8D","Reserve balances with Federal Reserve Banks 2,998,471 + 32,377 - 187,736 3,033,855","EDFA7E33C633FC4BA75FDD3C88C825E10E8A675B79BC03B381A3418F302D9118","2998471","32377","-187736","3033855","RESERVE_EXPAND"
"20251016","October 16, 2025","MODERN_BODY","https://www.federalreserve.gov/releases/h41/20251016/","706388","BA5D1A15FBF72A0B096E283C5C3F957D4B25F86758D4536FBC8D334B310267CF","Reserve balances with Federal Reserve Banks 3,019,028 + 20,557 - 190,849 2,988,202","E0B3B3EC519F9E58CC275A64ECAE0124D7BCC7A62247AB2A01CAD3A966178ADC","3019028","20557","-190849","2988202","RESERVE_EXPAND"
"20251023","October 23, 2025","MODERN_BODY","https://www.federalreserve.gov/releases/h41/20251023/","706243","F879416369ADAD370F8B4A3FE383E5CEDF822BE3387B197F0B488EB607134258","Reserve balances with Federal Reserve Banks 2,933,037 - 85,991 - 297,108 2,929,637","17FE99394AE5FF0CDD89108AAF204E256BC157138AB3603126C70BC815193D8C","2933037","-85991","-297108","2929637","RESERVE_CONTRACT"
"20251030","October 30, 2025","MODERN_BODY","https://www.federalreserve.gov/releases/h41/20251030/","708305","CAF8C9EC3B01BFA7EED001B09D463DA1B0FA0037CF3DC913ECF19BFE7B49AD7C","Reserve balances with Federal Reserve Banks 2,848,021 - 85,016 - 388,937 2,827,909","1E88BD00DC0EB7EC8E4CF4640618F323374312CC13896531D2DA3B11AE436D5C","2848021","-85016","-388937","2827909","RESERVE_CONTRACT"
"20251106","November 06, 2025","MODERN_BODY","https://www.federalreserve.gov/releases/h41/20251106/","706666","8F9C9D57BFFA628514B68C03B3588E1B4E3730FCA9A2FD1DB1E338CD2A0E57BC","Reserve balances with Federal Reserve Banks 2,862,569 + 14,548 - 411,551 2,851,923","D36C034A2E230706374F85B32DAC395AEB7329509DDEA648A3B33C61D8D46D91","2862569","14548","-411551","2851923","RESERVE_EXPAND"
"20251113","November 13, 2025","MODERN_BODY","https://www.federalreserve.gov/releases/h41/20251113/","706371","B99613248E24487CBEC421137C643397F1954CF7E40ADEF7889FEC36584EA3F2","Reserve balances with Federal Reserve Banks 2,855,030 - 7,539 - 389,119 2,883,340","7671B7F3144689F97CF046A98873DE0C752B61E86CF5D6B6057A688312C20CC7","2855030","-7539","-389119","2883340","RESERVE_CONTRACT"
"20251120","November 20, 2025","MODERN_BODY","https://www.federalreserve.gov/releases/h41/20251120/","707046","7A161576513AD0DA95A4A2FCC7B2FE4939D6BE439390FA14011CAFB804DF95D0","Reserve balances with Federal Reserve Banks 2,888,643 + 33,613 - 398,242 2,917,531","4ACE671FFD5D8927218DCA53DE68B3B604B7774EDEDA59A463F48A57B59C74CC","2888643","33613","-398242","2917531","RESERVE_EXPAND"
"20251128","November 28, 2025","MODERN_BODY","https://www.federalreserve.gov/releases/h41/20251128/","706861","76C570896F6B9B17991C7AD074E0C78B8DB13407ED29314FB4654D285A62FB98","Reserve balances with Federal Reserve Banks 2,896,586 + 7,943 - 331,088 2,897,987","4D1308A36A53C8BE61B8D41F1D22731B5A5FA549C1E5DB1F04F01EB6F4A79052","2896586","7943","-331088","2897987","RESERVE_EXPAND"
"20251204","December 04, 2025","MODERN_BODY","https://www.federalreserve.gov/releases/h41/20251204/","706741","CDA574EA087CD030CD7DCBB78BCA744F4AC911BAE168A48B2641E81EC7121BE0","Reserve balances with Federal Reserve Banks 2,858,284 - 38,302 - 366,791 2,878,164","30D033C6186C7382495311A86A95754DB4CA6FDB3D2E9B03393343D82C25B760","2858284","-38302","-366791","2878164","RESERVE_CONTRACT"
"20251211","December 11, 2025","MODERN_BODY","https://www.federalreserve.gov/releases/h41/20251211/","706891","D5C8C9A818E7604ED2C9E0FCC7053AD97C5F96B4EBBA23E5B10356611D4DE821","Reserve balances with Federal Reserve Banks 2,932,112 + 73,828 - 332,447 2,973,767","97A37719D87FFC5A65A8175F00BEE4B7575C7A4FF4CF3F2C350319C33A2E5C07","2932112","73828","-332447","2973767","RESERVE_EXPAND"
"20251218","December 18, 2025","MODERN_BODY","https://www.federalreserve.gov/releases/h41/20251218/","706705","D391E1B62F93CED4BE6D943F467141DD4AFEB20653CEDF779EACB41179A02022","Reserve balances with Federal Reserve Banks 2,959,044 + 26,932 - 323,185 2,933,652","D47CA947A62E1B3C0552C99FBAE4A51350C0DDAFBE8C848417E165EE05F80B54","2959044","26932","-323185","2933652","RESERVE_EXPAND"
"20251229","December 29, 2025","MODERN_BODY","https://www.federalreserve.gov/releases/h41/20251229/","706315","757D08CAB385DCD90EDB2210FF22A74B1AD5FFEC1E41FC2FC5642D7308F6BF79","Reserve balances with Federal Reserve Banks 2,955,581 - 3,463 - 291,801 2,980,514","F019C14949353333B95D8942D257421D83788766524E5F2967984C0C5F636954","2955581","-3463","-291801","2980514","RESERVE_CONTRACT"
"20260102","January 02, 2026","MODERN_BODY","https://www.federalreserve.gov/releases/h41/20260102/","706472","00CDF4DA5C3E56A1216F4562A46B24F5F47452F50E0BDDCD8FA2DA292D2A85BD","Reserve balances with Federal Reserve Banks 2,957,410 + 1,829 - 138,587 2,853,441","CBB5343D317E2B0CCA7647857A353560560261E8A112D4742DAF2774D69EEF7C","2957410","1829","-138587","2853441","RESERVE_EXPAND"
"20260108","January 08, 2026","MODERN_BODY","https://www.federalreserve.gov/releases/h41/20260108/","704804","F9C76DD54D961B519B966257F08202D2D4D1368ECC518DDF7B08C278BC92B537","Reserve balances with Federal Reserve Banks 2,996,379 + 38,969 - 258,364 3,022,997","17122EBE82C72EC4566216663A018D92995978B52AE4C09033CE4ACCD509954C","2996379","38969","-258364","3022997","RESERVE_EXPAND"
"20260115","January 15, 2026","MODERN_BODY","https://www.federalreserve.gov/releases/h41/20260115/","704739","81E6C83ABC080897610E4DEE87AB44B5DC5FFF745858452BCAA1BA4E022EEB0F","Reserve balances with Federal Reserve Banks 3,049,630 + 53,251 - 291,186 3,061,760","2E7ECD89055110B5861C4E607029C04C63CEC7952A91BD641C9C5A0908861335","3049630","53251","-291186","3061760","RESERVE_EXPAND"
"20260122","January 22, 2026","MODERN_BODY","https://www.federalreserve.gov/releases/h41/20260122/","705129","8FCA1169CEE4EC8162104C39DAFD4FE8C36ED2D91FD30BD13C73B8186EF231CD","Reserve balances with Federal Reserve Banks 2,954,903 - 94,727 - 377,375 2,956,525","C2747B56EA4CC662ED31D0480326F8E08C38B8A4446B79745F9D413586D88103","2954903","-94727","-377375","2956525","RESERVE_CONTRACT"
"20260129","January 29, 2026","MODERN_BODY","https://www.federalreserve.gov/releases/h41/20260129/","705194","BAF64C31159C4D4E9F88C9F2701D6173D0E147CD61CC2F59B3E339F652ABA3AD","Reserve balances with Federal Reserve Banks 2,901,600 - 53,303 - 323,185 2,882,940","E448D9996B8C32FA935DBF685A5A382B7FDEF82D3C3297FE22300D88C528A3C0","2901600","-53303","-323185","2882940","RESERVE_CONTRACT"
"20260205","February 05, 2026","MODERN_BODY","https://www.federalreserve.gov/releases/h41/20260205/","706955","31AE884FD4DB9722C45EE491401260F2D2899912F9FB35255DFC80017420BB82","Reserve balances with Federal Reserve Banks 2,925,170 + 23,570 - 251,895 2,937,493","CB06096E4AA2EFD0557F1CEF774879A3C249FD370C320A6FE9EDF25E1D626589","2925170","23570","-251895","2937493","RESERVE_EXPAND"
"20260212","February 12, 2026","MODERN_BODY","https://www.federalreserve.gov/releases/h41/20260212/","704940","F686D8ACCC36C953EE6CAD78FFA38D3FC309F0654826167676898E9130F31773","Reserve balances with Federal Reserve Banks 2,939,557 + 14,387 - 280,470 2,958,493","8675242988A068269037DFA2049FFF2B65A8DED8DAA78C7021D7AEADD7D59882","2939557","14387","-280470","2958493","RESERVE_EXPAND"
"20260219","February 19, 2026","MODERN_BODY","https://www.federalreserve.gov/releases/h41/20260219/","705100","6976B60B9A30A0B60E7C7ABB3D8586C228B6BB63BE77CA7297E01C0FB6041556","Reserve balances with Federal Reserve Banks 2,949,804 + 10,247 - 320,278 2,959,961","F1DB6569E2A1F87A065487C3266F8FD8B0C059A800F20A40017124D8A9962952","2949804","10247","-320278","2959961","RESERVE_EXPAND"
"20260226","February 26, 2026","MODERN_BODY","https://www.federalreserve.gov/releases/h41/20260226/","705510","FAF045C06C29BCCF66587F4DA728A5901BA697F51C4D0608F319F1A6FC9FCC70","Reserve balances with Federal Reserve Banks 2,965,765 + 15,961 - 361,484 3,004,429","C06F86C754122EB0FCFD90F22A8BF231B26EE248F6A953E7A4BBC527D81B8820","2965765","15961","-361484","3004429","RESERVE_EXPAND"
"20260305","March 05, 2026","MODERN_BODY","https://www.federalreserve.gov/releases/h41/20260305/","705154","677564BDE686E99770A0F23CE53A70A39571A67559FD06577ED8D4D85EA592D5","Reserve balances with Federal Reserve Banks 3,015,531 + 49,766 - 297,094 3,013,716","FB14C61A53CB460CCC8B30BABFB9DAC3BB064E27EDACEBA60072B0D777CDDAE5","3015531","49766","-297094","3013716","RESERVE_EXPAND"
"20260312","March 12, 2026","MODERN_BODY","https://www.federalreserve.gov/releases/h41/20260312/","705049","C50A9F4D2DE7267FB319668EB0E39285413F81BDE7CFFCB115D49989F6DA20EC","Reserve balances with Federal Reserve Banks 3,037,665 + 22,134 - 362,570 3,073,151","D0583B360DA6964AFE81DA90D62DD5314895D1348F026FFE642718FD27977978","3037665","22134","-362570","3073151","RESERVE_EXPAND"
"20260319","March 19, 2026","MODERN_BODY","https://www.federalreserve.gov/releases/h41/20260319/","705519","CEAC3181F9F5ABA51A757F89D981F180FF5EDEB0ECB19CE96B2875673E544ABF","Reserve balances with Federal Reserve Banks 3,019,995 - 17,670 - 447,794 2,998,809","C6A97320B953CCDA65FE245769A0DD6C88002BC13E3CE075FD1D86E00A403B7C","3019995","-17670","-447794","2998809","RESERVE_CONTRACT"
"20260326","March 26, 2026","MODERN_BODY","https://www.federalreserve.gov/releases/h41/20260326/","705269","376FF2F694B875118FFED3E0A9C27559419E10F39FF679FDE022A62FE6FF6DF8","Reserve balances with Federal Reserve Banks 2,993,955 - 26,040 - 456,978 3,036,073","22BA888BB9AEC7E8CB77A56FE7623CD680574AEA9798D692431409D958988864","2993955","-26040","-456978","3036073","RESERVE_CONTRACT"
"20260402","April 02, 2026","MODERN_BODY","https://www.federalreserve.gov/releases/h41/20260402/","705039","280E0EEF7609EF7EFD44197CB40840EA0152DD34BB7DF1E09A0756D4C93459B7","Reserve balances with Federal Reserve Banks 3,026,708 + 32,753 - 352,631 3,064,460","25B70617EA16E49B553521A7AE510A6E2D43CDF3F0906CE19D47F5E27B2B48C0","3026708","32753","-352631","3064460","RESERVE_EXPAND"
"20260409","April 09, 2026","MODERN_BODY","https://www.federalreserve.gov/releases/h41/20260409/","704724","C52A3925608ACDE9B197473D714A9F41666B1A08483F2B15437EBE2DD5C0F6BA","Reserve balances with Federal Reserve Banks 3,116,247 + 89,539 - 358,435 3,183,533","BA3075C6CDAC62F57BCAB88073C862442F23F95FBBD0F41358034331FD8F22E0","3116247","89539","-358435","3183533","RESERVE_EXPAND"
"20260416","April 16, 2026","MODERN_BODY","https://www.federalreserve.gov/releases/h41/20260416/","704999","1AE1272E34194665A34095C5B470A0B7E2B39BDAE4C3E5922F9A69D404B95BBF","Reserve balances with Federal Reserve Banks 3,129,588 + 13,341 - 322,442 2,980,186","B2FEC25CA0964969C9F32DB719E82AD1BE120F6A20DFABC17215DB1F6C960E93","3129588","13341","-322442","2980186","RESERVE_EXPAND"
"20260423","April 23, 2026","MODERN_BODY","https://www.federalreserve.gov/releases/h41/20260423/","705004","A48C11B525216E2C473090DB1F3CA11A09D5C51189A7EFEE042396A2D377A867","Reserve balances with Federal Reserve Banks 2,901,825 - 227,763 - 354,909 2,914,576","E23B086B053ACE2668C345AA1E2F241291F8E27F98DF032DF0A662AB4761B5EB","2901825","-227763","-354909","2914576","RESERVE_CONTRACT"
"20260430","April 30, 2026","MODERN_BODY","https://www.federalreserve.gov/releases/h41/20260430/","707291","B7B150DBF5B2724AC17390CE0802B8258ECEE12C00BC2E1C06AAEEC7D0FE13D0","Reserve balances with Federal Reserve Banks 2,918,599 + 16,774 - 300,615 2,919,153","5714674032AE0FFD23C33BCAB47CFCA7EA9123CC5615793ACC2660A92BC18606","2918599","16774","-300615","2919153","RESERVE_EXPAND"
"20260507","May 07, 2026","MODERN_BODY","https://www.federalreserve.gov/releases/h41/20260507/","705247","491FD25EF8CFA3B85DF4DA5BBDBACD18B5B3FAE3080F36DF69DC94BD0E764565","Reserve balances with Federal Reserve Banks 3,032,588 + 113,989 - 186,048 3,051,481","015D76F50E2FD2AC7DF3FE2B07D944FD6C1E2F23447B31D329BDF38F2C57429C","3032588","113989","-186048","3051481","RESERVE_EXPAND"
"20260514","May 14, 2026","MODERN_BODY","https://www.federalreserve.gov/releases/h41/20260514/","704957","BF388CE4124BB5D323E517CE6A4DB422098DAD08256C54C0B8435A545C8156BF","Reserve balances with Federal Reserve Banks 3,102,810 + 70,222 - 132,913 3,117,367","5EE21A22DEC988F592055F19B82F0A35777C6231FDE12B3048957C7B8B96963B","3102810","70222","-132913","3117367","RESERVE_EXPAND"
"20260521","May 21, 2026","MODERN_BODY","https://www.federalreserve.gov/releases/h41/20260521/","701776","234977E2F075C7B76A693C052AE76CFB3254114F4DDE7683DD8C0EEF12A3D763","Reserve balances with Federal Reserve Banks 3,129,562 + 26,752 - 159,907 3,106,715","B6CECE8B5CD174F29F289AC40E5D4B216C2174DCA3B0BEFAEE6F130D1FA193E3","3129562","26752","-159907","3106715","RESERVE_EXPAND"
"20260528","May 28, 2026","MODERN_BODY","https://www.federalreserve.gov/releases/h41/20260528/","702151","D778CF9F65E006F1C3D7A95030422889813D4E2431E4D88E3DAFD9E904C5DAC5","Reserve balances with Federal Reserve Banks 3,066,560 - 63,002 - 204,101 3,067,025","57C35D27D253219386030CF1299706BDED2CE2F4468D3ED2F38F236AED4F8691","3066560","-63002","-204101","3067025","RESERVE_CONTRACT"
"20260604","June 04, 2026","MODERN_BODY","https://www.federalreserve.gov/releases/h41/20260604/","701041","2070464AC0A98C962598D45D4C074CEC3FD19268FB3C219D1DC29367000BC3B8","Reserve balances with Federal Reserve Banks 3,013,902 - 52,658 - 280,479 3,045,654","B5E45E8DD7D28EC03467EB75939853AC7ABF574106796C36C74A48A7E5B44A14","3013902","-52658","-280479","3045654","RESERVE_CONTRACT"
"20260611","June 11, 2026","MODERN_BODY","https://www.federalreserve.gov/releases/h41/20260611/","701196","1544FE7ACC602DEC4547B109FC160C5983E56E8E5AA9F743309E241AC5BFA9B3","Reserve balances with Federal Reserve Banks 3,080,723 + 66,821 - 326,385 3,111,454","3B9D57CA4B1F5429558412BCF53AFDFD88702A9AC73B2E30C667AA60AF51BCDD","3080723","66821","-326385","3111454","RESERVE_EXPAND"
"20260618","June 18, 2026","MODERN_BODY","https://www.federalreserve.gov/releases/h41/20260618/","701261","DAD346CAF261FFC721D717AE313A0CECF26A9E000BA95C97E7DEE826F997018B","Reserve balances with Federal Reserve Banks 3,033,444 - 47,279 - 372,922 2,936,355","E30DB82C386619D42EBD600A6B18202D8ADB1850B9DCD6C97ED46EF0E7A454AB","3033444","-47279","-372922","2936355","RESERVE_CONTRACT"
"20260625","June 25, 2026","MODERN_BODY","https://www.federalreserve.gov/releases/h41/20260625/","701171","1F0F1BC783B42406E3D474205BB751753A78E37BA556F473F6AB02A40BE6F33F","Reserve balances with Federal Reserve Banks 2,951,416 - 82,028 - 417,912 2,954,465","1D6B6F73209DD12B3D4E66371EA16514858E3D1114DC9D99B17E98F03EC8A377","2951416","-82028","-417912","2954465","RESERVE_CONTRACT"
"20260702","July 02, 2026","MODERN_BODY","https://www.federalreserve.gov/releases/h41/20260702/","701086","7ED86A8B6D104A010E32AB3E8B5131959B834C36C35A03B697DE1A6F0A19C1C2","Reserve balances with Federal Reserve Banks 2,966,897 + 15,481 - 259,083 3,077,019","767CA5BA7821B2A6822B45494343D439F42093A5DAE96C76BD12D0907D01DE72","2966897","15481","-259083","3077019","RESERVE_EXPAND"
"20260709","July 09, 2026","MODERN_BODY","https://www.federalreserve.gov/releases/h41/20260709/","700641","BF97AAD650716EF80C124792AF11532B65C892687AE4C354468DD445EE5BCF9D","Reserve balances with Federal Reserve Banks 3,098,911 + 132,014 - 231,338 3,137,377","E68089D00863A7B59FA1F88DCE3508029603C5521B5FB2B39098BB6B4FB8254D","3098911","132014","-231338","3137377","RESERVE_EXPAND"
"20260716","July 16, 2026","MODERN_BODY","https://www.federalreserve.gov/releases/h41/20260716/","701925","318955C5A22A141D3626D69F9E7E1CFE1714D4DC9245442812816BFC524C009C","Reserve balances with Federal Reserve Banks 3,142,721 + 43,810 - 256,101 3,100,448","2DAF8BBA5BC4AB3707D3B43D77739EA3CEBDF981D4B09AE60E11A5EF79EC9945","3142721","43810","-256101","3100448","RESERVE_EXPAND"
"20260723","July 23, 2026","MODERN_BODY","https://www.federalreserve.gov/releases/h41/20260723/","701890","9EEE03B11A7974E9756DD56C0BD2947BE085ECF80781F0CA498663C20CD49D7E","Reserve balances with Federal Reserve Banks 3,062,149 - 80,572 - 300,128 3,064,896","9271EFC8FB1DE373E1B28C71CEB34BD92FC97965CB0D48AAE27EF1627EC86F82","3062149","-80572","-300128","3064896","RESERVE_CONTRACT"
"20260730","July 30, 2026","MODERN_BODY","https://www.federalreserve.gov/releases/h41/20260730/","702115","37C25B4C87D6B2EFC170E4AF9AEA828B4CE62F64208A81C57E02FB2234AA2637","Reserve balances with Federal Reserve Banks 2,984,570 - 77,579 - 362,844 2,944,541","99894E212602A40F8A28C22BFFF0D2D244469E17448A9BE26C55F5C99F21EBFE","2984570","-77579","-362844","2944541","RESERVE_CONTRACT"
"20260806","August 06, 2026","MODERN_BODY","https://www.federalreserve.gov/releases/h41/20260806/","702129","54A58CBC01BDEC5F2830625401F5A3CDBC7ABCA5D151766A5EA6FA636C421ED8","Reserve balances with Federal Reserve Banks 2,993,349 + 8,779 - 339,143 3,002,731","C649963E9E0993E1454E0C277A8E2A1348B6461206C9412D6F9B1D2889C5B344","2993349","8779","-339143","3002731","RESERVE_EXPAND"
"20260813","August 13, 2026","MODERN_BODY","https://www.federalreserve.gov/releases/h41/20260813/","704172","419CA7A1407FB2330FCDC63E9DAD1F11217A16D96C00134961DBD676379E728B","Reserve balances with Federal Reserve Banks 2,944,059 - 49,290 - 375,991 2,947,630","DF7556F9CDBE40B5D4412CB6783E19F3E96A29B4B0B8F7EE815FED06476AD237","2944059","-49290","-375991","2947630","RESERVE_CONTRACT"
"20260820","August 20, 2026","MODERN_BODY","https://www.federalreserve.gov/releases/h41/20260820/","702194","F5B49A58A327946DEF92903F5F79A15224CD20F45F2FA4F8093A17EFEF2EC4FA","Reserve balances with Federal Reserve Banks 2,935,287 - 8,772 - 382,005 2,930,817","660C7E64E97E729D9A208F3F58DA55516BA78D59AB6CFAC2804ABAE160AFCD4A","2935287","-8772","-382005","2930817","RESERVE_CONTRACT"
