position_identifier,entry_time_server,close_time_server,bar_time_server,held_bars,incumbent_direction,state,range_scale,raw_shadow_pass,seen_subthreshold_before,distinct_rearm_episode,limit_price,proxy_touch,proxy_touch_time,mark16_range
2,2026.01.02 12:15:45,2026.01.02 14:15:00,2026.01.02 12:30:00,1,-1,1.2883994805117427,17.75,1,0,0,,,,
2,2026.01.02 12:15:45,2026.01.02 14:15:00,2026.01.02 12:45:00,2,-1,1.3541992260759961,17.875,1,0,0,,,,
2,2026.01.02 12:15:45,2026.01.02 14:15:00,2026.01.02 13:00:00,3,-1,1.4984522205375337,17.875,1,0,0,,,,
2,2026.01.02 12:15:45,2026.01.02 14:15:00,2026.01.02 13:15:00,4,-1,0.69463159275042774,17.875,0,0,0,,,,
2,2026.01.02 12:15:45,2026.01.02 14:15:00,2026.01.02 13:30:00,5,-1,0.438544878902205,17.875,0,1,0,,,,
2,2026.01.02 12:15:45,2026.01.02 14:15:00,2026.01.02 13:45:00,6,-1,0.53945124642127984,18.25,0,1,0,,,,
2,2026.01.02 12:15:45,2026.01.02 14:15:00,2026.01.02 14:00:00,7,-1,0.27137028908183858,18.25,0,1,0,,,,
10,2026.01.06 12:22:18,2026.01.06 13:15:00,2026.01.06 12:30:00,1,1,-1.226143277831264,20.25,1,0,0,,,,
10,2026.01.06 12:22:18,2026.01.06 13:15:00,2026.01.06 12:45:00,2,1,-0.97746138510220726,19.875,0,0,0,,,,
10,2026.01.06 12:22:18,2026.01.06 13:15:00,2026.01.06 13:00:00,3,1,-0.96325379493894747,19.375,0,1,0,,,,
32,2026.01.14 12:30:02,2026.01.14 15:30:00,2026.01.14 12:45:00,1,1,-1.385461310712778,21.375,1,0,0,,,,
32,2026.01.14 12:30:02,2026.01.14 15:30:00,2026.01.14 13:00:00,2,1,-1.5280616396782096,21.375,1,0,0,,,,
32,2026.01.14 12:30:02,2026.01.14 15:30:00,2026.01.14 13:15:00,3,1,-1.5088241607805213,21.375,1,0,0,,,,
32,2026.01.14 12:30:02,2026.01.14 15:30:00,2026.01.14 13:30:00,4,1,-1.327890083734667,21.375,1,0,0,,,,
32,2026.01.14 12:30:02,2026.01.14 15:30:00,2026.01.14 13:45:00,5,1,-1.3583319763311525,21.625,1,0,0,,,,
32,2026.01.14 12:30:02,2026.01.14 15:30:00,2026.01.14 14:00:00,6,1,-1.4485863030659296,21.875,1,0,0,,,,
32,2026.01.14 12:30:02,2026.01.14 15:30:00,2026.01.14 14:15:00,7,1,-1.5460330261478605,21.875,1,0,0,,,,
32,2026.01.14 12:30:02,2026.01.14 15:30:00,2026.01.14 14:30:00,8,1,-1.147560400254966,22.125,1,0,0,,,,
32,2026.01.14 12:30:02,2026.01.14 15:30:00,2026.01.14 14:45:00,9,1,-0.96240984442934718,22.375,0,0,0,,,,
32,2026.01.14 12:30:02,2026.01.14 15:30:00,2026.01.14 15:00:00,10,1,-0.91994135035727809,22.375,0,1,0,,,,
32,2026.01.14 12:30:02,2026.01.14 15:30:00,2026.01.14 15:15:00,11,1,-0.8545476926021246,22.125,0,1,0,,,,
38,2026.01.15 13:02:13,2026.01.15 14:45:00,2026.01.15 13:15:00,1,-1,1.2229869742344845,29,1,0,0,,,,
38,2026.01.15 13:02:13,2026.01.15 14:45:00,2026.01.15 13:30:00,2,-1,1.1412105408060937,29,1,0,0,,,,
38,2026.01.15 13:02:13,2026.01.15 14:45:00,2026.01.15 13:45:00,3,-1,1.0448618402719652,28.75,1,0,0,,,,
38,2026.01.15 13:02:13,2026.01.15 14:45:00,2026.01.15 14:00:00,4,-1,1.0146517259273262,28.625,1,0,0,,,,
38,2026.01.15 13:02:13,2026.01.15 14:45:00,2026.01.15 14:15:00,5,-1,0.55550707606617944,28.5,0,0,0,,,,
38,2026.01.15 13:02:13,2026.01.15 14:45:00,2026.01.15 14:30:00,6,-1,0.32041453180868024,28.5,0,1,0,,,,
52,2026.01.21 13:47:25,2026.01.21 16:15:00,2026.01.21 14:00:00,1,1,-1.797308808585502,33.25,1,0,0,,,,
52,2026.01.21 13:47:25,2026.01.21 16:15:00,2026.01.21 14:15:00,2,1,-1.6671835385849643,33.75,1,0,0,,,,
52,2026.01.21 13:47:25,2026.01.21 16:15:00,2026.01.21 14:30:00,3,1,-1.3710102622654488,33.75,1,0,0,,,,
52,2026.01.21 13:47:25,2026.01.21 16:15:00,2026.01.21 14:45:00,4,1,-1.3559035789966412,33.75,1,0,0,,,,
52,2026.01.21 13:47:25,2026.01.21 16:15:00,2026.01.21 15:00:00,5,1,-0.47160950496152754,33.75,0,0,0,,,,
52,2026.01.21 13:47:25,2026.01.21 16:15:00,2026.01.21 15:15:00,6,1,-0.68329332325879777,33.75,0,1,0,,,,
52,2026.01.21 13:47:25,2026.01.21 16:15:00,2026.01.21 15:30:00,7,1,-1.1410840941556841,33.75,1,1,1,24943.709999999999,1,2026.01.21 15:30:00,4.1197037037037294
52,2026.01.21 13:47:25,2026.01.21 16:15:00,2026.01.21 15:45:00,8,1,-1.4916864044594775,33.625,1,1,0,,,,
52,2026.01.21 13:47:25,2026.01.21 16:15:00,2026.01.21 16:00:00,9,1,-0.78136742216431876,33.625,0,1,0,,,,
58,2026.01.22 12:21:10,2026.01.22 13:30:00,2026.01.22 12:30:00,1,-1,0.98165029668720916,34.25,0,0,0,,,,
58,2026.01.22 12:21:10,2026.01.22 13:30:00,2026.01.22 12:45:00,2,-1,0.63992699560059951,34.125,0,1,0,,,,
58,2026.01.22 12:21:10,2026.01.22 13:30:00,2026.01.22 13:00:00,3,-1,0.64736457104742362,34.125,0,1,0,,,,
58,2026.01.22 12:21:10,2026.01.22 13:30:00,2026.01.22 13:15:00,4,-1,0.470508486405812,33.5,0,1,0,,,,
77,2026.01.27 13:50:30,2026.01.27 15:30:00,2026.01.27 14:00:00,1,-1,0.94125672616846123,18.25,0,0,0,,,,
77,2026.01.27 13:50:30,2026.01.27 15:30:00,2026.01.27 14:15:00,2,-1,0.69155893041976835,18.25,0,1,0,,,,
77,2026.01.27 13:50:30,2026.01.27 15:30:00,2026.01.27 14:30:00,3,-1,0.26441417487771501,18.875,0,1,0,,,,
77,2026.01.27 13:50:30,2026.01.27 15:30:00,2026.01.27 14:45:00,4,-1,0.51758133232264258,19,0,1,0,,,,
77,2026.01.27 13:50:30,2026.01.27 15:30:00,2026.01.27 15:00:00,5,-1,0.58423096112830797,19,0,1,0,,,,
77,2026.01.27 13:50:30,2026.01.27 15:30:00,2026.01.27 15:15:00,6,-1,0.64347076685056837,19,0,1,0,,,,
87,2026.01.29 15:17:58,2026.01.29 15:45:00,2026.01.29 15:30:00,1,1,-0.66184897324788095,30.75,0,0,0,,,,
91,2026.01.30 14:21:52,2026.01.30 16:15:00,2026.01.30 14:30:00,1,-1,1.0807354339282658,47.375,1,0,0,,,,
91,2026.01.30 14:21:52,2026.01.30 16:15:00,2026.01.30 14:45:00,2,-1,0.96077415250308618,47.375,0,0,0,,,,
91,2026.01.30 14:21:52,2026.01.30 16:15:00,2026.01.30 15:00:00,3,-1,0.99065610133213966,47.375,0,1,0,,,,
91,2026.01.30 14:21:52,2026.01.30 16:15:00,2026.01.30 15:15:00,4,-1,0.94277422726389892,47.75,0,1,0,,,,
91,2026.01.30 14:21:52,2026.01.30 16:15:00,2026.01.30 15:30:00,5,-1,0.76651392217839254,47.75,0,1,0,,,,
91,2026.01.30 14:21:52,2026.01.30 16:15:00,2026.01.30 15:45:00,6,-1,0.45446019214488853,48.125,0,1,0,,,,
91,2026.01.30 14:21:52,2026.01.30 16:15:00,2026.01.30 16:00:00,7,-1,0.41278038840531667,48.375,0,1,0,,,,
95,2026.02.02 12:21:04,2026.02.02 15:00:00,2026.02.02 12:30:00,1,-1,0.94800449042876911,56.875,0,0,0,,,,
95,2026.02.02 12:21:04,2026.02.02 15:00:00,2026.02.02 12:45:00,2,-1,0.7191991176432857,56.875,0,1,0,,,,
95,2026.02.02 12:21:04,2026.02.02 15:00:00,2026.02.02 13:00:00,3,-1,0.37369396556343454,56.875,0,1,0,,,,
95,2026.02.02 12:21:04,2026.02.02 15:00:00,2026.02.02 13:15:00,4,-1,0.44246624199499018,56.75,0,1,0,,,,
95,2026.02.02 12:21:04,2026.02.02 15:00:00,2026.02.02 13:30:00,5,-1,0.43633473004776607,56.75,0,1,0,,,,
95,2026.02.02 12:21:04,2026.02.02 15:00:00,2026.02.02 13:45:00,6,-1,0.39396794940886143,56.75,0,1,0,,,,
95,2026.02.02 12:21:04,2026.02.02 15:00:00,2026.02.02 14:00:00,7,-1,0.33016596047808333,56,0,1,0,,,,
95,2026.02.02 12:21:04,2026.02.02 15:00:00,2026.02.02 14:15:00,8,-1,0.57104954028511834,56,0,1,0,,,,
95,2026.02.02 12:21:04,2026.02.02 15:00:00,2026.02.02 14:30:00,9,-1,0.46645179693792843,56,0,1,0,,,,
95,2026.02.02 12:21:04,2026.02.02 15:00:00,2026.02.02 14:45:00,10,-1,0.49887576966415631,56,0,1,0,,,,
110,2026.02.05 14:30:03,2026.02.05 17:13:07,2026.02.05 14:45:00,1,1,-1.4640820234686969,58.375,1,0,0,,,,
110,2026.02.05 14:30:03,2026.02.05 17:13:07,2026.02.05 15:00:00,2,1,-1.3838547108565187,58.875,1,0,0,,,,
110,2026.02.05 14:30:03,2026.02.05 17:13:07,2026.02.05 15:15:00,3,1,-1.6266164225151205,59.375,1,0,0,,,,
110,2026.02.05 14:30:03,2026.02.05 17:13:07,2026.02.05 15:30:00,4,1,-1.7276197625550249,59.75,1,0,0,,,,
110,2026.02.05 14:30:03,2026.02.05 17:13:07,2026.02.05 15:45:00,5,1,-1.3025231351766355,59.75,1,0,0,,,,
110,2026.02.05 14:30:03,2026.02.05 17:13:07,2026.02.05 16:00:00,6,1,-1.5590640296849403,60.25,1,0,0,,,,
115,2026.02.06 12:20:40,2026.02.06 14:45:00,2026.02.06 12:30:00,1,-1,0.72895126037653013,66.875,0,0,0,,,,
115,2026.02.06 12:20:40,2026.02.06 14:45:00,2026.02.06 12:45:00,2,-1,1.0196865173778515,65.625,1,1,1,24689.459999999999,1,2026.02.06 12:45:00,-2.3518476190476214
115,2026.02.06 12:20:40,2026.02.06 14:45:00,2026.02.06 13:00:00,3,-1,1.1752017329204481,65.200000000000728,1,1,0,,,,
115,2026.02.06 12:20:40,2026.02.06 14:45:00,2026.02.06 13:15:00,4,-1,1.2527479642161305,65.200000000000728,1,1,0,,,,
115,2026.02.06 12:20:40,2026.02.06 14:45:00,2026.02.06 13:30:00,5,-1,1.2934115012552241,65.200000000000728,1,1,0,,,,
115,2026.02.06 12:20:40,2026.02.06 14:45:00,2026.02.06 13:45:00,6,-1,1.3609962221756569,65.200000000000728,1,1,0,,,,
115,2026.02.06 12:20:40,2026.02.06 14:45:00,2026.02.06 14:00:00,7,-1,1.3376202278564997,65.200000000000728,1,1,0,,,,
115,2026.02.06 12:20:40,2026.02.06 14:45:00,2026.02.06 14:15:00,8,-1,0.70967252609126374,65.200000000000728,0,1,0,,,,
115,2026.02.06 12:20:40,2026.02.06 14:45:00,2026.02.06 14:30:00,9,-1,0.35171780748455284,65.200000000000728,0,1,0,,,,
131,2026.02.11 15:18:38,2026.02.11 17:15:00,2026.02.11 15:30:00,1,-1,0.62494569555954282,26,0,0,0,,,,
131,2026.02.11 15:18:38,2026.02.11 17:15:00,2026.02.11 15:45:00,2,-1,2.0134553333808869,27.074999999998909,1,1,1,25279.439999999999,1,2026.02.11 15:45:00,1.6627885503232596
131,2026.02.11 15:18:38,2026.02.11 17:15:00,2026.02.11 16:00:00,3,-1,2.8439584182920772,27.074999999998909,1,1,0,,,,
144,2026.02.17 13:16:13,2026.02.17 14:00:00,2026.02.17 13:30:00,1,1,-0.81770092168099495,31.875,0,0,0,,,,
144,2026.02.17 13:16:13,2026.02.17 14:00:00,2026.02.17 13:45:00,2,1,-0.35622566214882634,32.125,0,1,0,,,,
146,2026.02.17 15:02:49,2026.02.17 15:45:00,2026.02.17 15:15:00,1,1,-1.3696501760507924,32.375,1,0,0,,,,
146,2026.02.17 15:02:49,2026.02.17 15:45:00,2026.02.17 15:30:00,2,1,-0.66193928748910169,32.375,0,0,0,,,,
156,2026.02.19 12:30:38,2026.02.19 14:45:00,2026.02.19 12:45:00,1,1,-1.8416097007665615,31.25,1,0,0,,,,
156,2026.02.19 12:30:38,2026.02.19 14:45:00,2026.02.19 13:00:00,2,1,-1.7633234651716909,31.75,1,0,0,,,,
156,2026.02.19 12:30:38,2026.02.19 14:45:00,2026.02.19 13:15:00,3,1,-1.7201152367675434,31.625,1,0,0,,,,
156,2026.02.19 12:30:38,2026.02.19 14:45:00,2026.02.19 13:30:00,4,1,-1.7841948638791627,32.125,1,0,0,,,,
156,2026.02.19 12:30:38,2026.02.19 14:45:00,2026.02.19 13:45:00,5,1,-1.5272451275247449,32.125,1,0,0,,,,
156,2026.02.19 12:30:38,2026.02.19 14:45:00,2026.02.19 14:00:00,6,1,-0.81820968418000595,32.125,0,0,0,,,,
156,2026.02.19 12:30:38,2026.02.19 14:45:00,2026.02.19 14:15:00,7,1,-1.1591919095304517,32.375,1,1,1,24791.099999999999,1,2026.02.19 14:15:00,1.6942084942085616
156,2026.02.19 12:30:38,2026.02.19 14:45:00,2026.02.19 14:30:00,8,1,-0.58640589589785541,32.5,0,1,0,,,,
158,2026.02.20 14:00:46,2026.02.20 16:45:00,2026.02.20 14:15:00,1,1,-1.715527274152729,31,1,0,0,,,,
158,2026.02.20 14:00:46,2026.02.20 16:45:00,2026.02.20 14:30:00,2,1,-2.4035619381138886,31,1,0,0,,,,
158,2026.02.20 14:00:46,2026.02.20 16:45:00,2026.02.20 14:45:00,3,1,-2.1796346906934447,31.5,1,0,0,,,,
158,2026.02.20 14:00:46,2026.02.20 16:45:00,2026.02.20 15:00:00,4,1,-1.5110041130106064,31.5,1,0,0,,,,
158,2026.02.20 14:00:46,2026.02.20 16:45:00,2026.02.20 15:15:00,5,1,-1.6481504303587498,31.5,1,0,0,,,,
158,2026.02.20 14:00:46,2026.02.20 16:45:00,2026.02.20 15:30:00,6,1,-1.0074774301874212,31,1,0,0,,,,
158,2026.02.20 14:00:46,2026.02.20 16:45:00,2026.02.20 15:45:00,7,1,-2.5386917367571051,31,1,0,0,,,,
158,2026.02.20 14:00:46,2026.02.20 16:45:00,2026.02.20 16:00:00,8,1,-1.6373629175672009,31.5,1,0,0,,,,
178,2026.02.27 14:01:23,2026.02.27 17:15:00,2026.02.27 14:15:00,1,1,-0.9767663249612667,30.625,0,0,0,,,,
178,2026.02.27 14:01:23,2026.02.27 17:15:00,2026.02.27 14:30:00,2,1,-0.97965902561358986,30.75,0,1,0,,,,
178,2026.02.27 14:01:23,2026.02.27 17:15:00,2026.02.27 14:45:00,3,1,-0.97061919526357532,30.75,0,1,0,,,,
178,2026.02.27 14:01:23,2026.02.27 17:15:00,2026.02.27 15:00:00,4,1,-1.014878338484273,30.75,1,1,1,24879.16,1,2026.02.27 15:00:00,1.8923577235771931
178,2026.02.27 14:01:23,2026.02.27 17:15:00,2026.02.27 15:15:00,5,1,-0.71470921184570357,31,0,1,0,,,,
178,2026.02.27 14:01:23,2026.02.27 17:15:00,2026.02.27 15:30:00,6,1,-1.2268204764975901,31.25,1,1,0,,,,
178,2026.02.27 14:01:23,2026.02.27 17:15:00,2026.02.27 15:45:00,7,1,-1.8183203744611229,31.875,1,1,0,,,,
178,2026.02.27 14:01:23,2026.02.27 17:15:00,2026.02.27 16:00:00,8,1,-1.2072577777476288,32.625,1,1,0,,,,
184,2026.03.02 13:25:23,2026.03.02 14:30:00,2026.03.02 13:30:00,1,-1,1.4468566672268983,45.25,1,0,0,,,,
184,2026.03.02 13:25:23,2026.03.02 14:30:00,2026.03.02 13:45:00,2,-1,1.102121720682508,45.25,1,0,0,,,,
184,2026.03.02 13:25:23,2026.03.02 14:30:00,2026.03.02 14:00:00,3,-1,1.0738195998013684,45.25,1,0,0,,,,
184,2026.03.02 13:25:23,2026.03.02 14:30:00,2026.03.02 14:15:00,4,-1,0.37879433333420331,45.25,0,0,0,,,,
188,2026.03.03 12:29:33,2026.03.03 14:00:00,2026.03.03 12:30:00,1,1,-1.9661809430065789,42.425000000001091,1,0,0,,,,
188,2026.03.03 12:29:33,2026.03.03 14:00:00,2026.03.03 12:45:00,2,1,-1.7211578794773417,43.125,1,0,0,,,,
188,2026.03.03 12:29:33,2026.03.03 14:00:00,2026.03.03 13:00:00,3,1,-1.6429710258574415,43.75,1,0,0,,,,
188,2026.03.03 12:29:33,2026.03.03 14:00:00,2026.03.03 13:15:00,4,1,-1.5312989083032593,43.875,1,0,0,,,,
188,2026.03.03 12:29:33,2026.03.03 14:00:00,2026.03.03 13:30:00,5,1,-1.0442786080102537,43.875,1,0,0,,,,
188,2026.03.03 12:29:33,2026.03.03 14:00:00,2026.03.03 13:45:00,6,1,-0.29125781041677024,44.125,0,0,0,,,,
194,2026.03.04 13:01:30,2026.03.04 14:30:00,2026.03.04 13:15:00,1,-1,1.4027444756429157,58.875,1,0,0,,,,
194,2026.03.04 13:01:30,2026.03.04 14:30:00,2026.03.04 13:30:00,2,-1,1.7347795570318361,57.875,1,0,0,,,,
194,2026.03.04 13:01:30,2026.03.04 14:30:00,2026.03.04 13:45:00,3,-1,1.1155055019335534,57.875,1,0,0,,,,
194,2026.03.04 13:01:30,2026.03.04 14:30:00,2026.03.04 14:00:00,4,-1,1.1780283178578721,57.25,1,0,0,,,,
194,2026.03.04 13:01:30,2026.03.04 14:30:00,2026.03.04 14:15:00,5,-1,0.99043437994952033,56.5,0,0,0,,,,
198,2026.03.05 13:30:45,2026.03.05 14:15:00,2026.03.05 13:45:00,1,-1,0.84135833826784878,39.875,0,0,0,,,,
198,2026.03.05 13:30:45,2026.03.05 14:15:00,2026.03.05 14:00:00,2,-1,0.31031385376992859,40.125,0,1,0,,,,
204,2026.03.06 12:45:34,2026.03.06 15:56:21,2026.03.06 13:00:00,1,1,-1.277174657342921,42.125,1,0,0,,,,
204,2026.03.06 12:45:34,2026.03.06 15:56:21,2026.03.06 13:15:00,2,1,-1.0826139711983715,42.125,1,0,0,,,,
204,2026.03.06 12:45:34,2026.03.06 15:56:21,2026.03.06 13:30:00,3,1,-0.65169156087513402,42.5,0,0,0,,,,
204,2026.03.06 12:45:34,2026.03.06 15:56:21,2026.03.06 13:45:00,4,1,-1.5655744608758424,42.5,1,1,1,24849.220000000001,1,2026.03.06 13:45:00,-0.55223529411767447
204,2026.03.06 12:45:34,2026.03.06 15:56:21,2026.03.06 14:00:00,5,1,-1.5518383908081246,42.5,1,1,0,,,,
204,2026.03.06 12:45:34,2026.03.06 15:56:21,2026.03.06 14:15:00,6,1,-1.0888779133343065,42.875,1,1,0,,,,
204,2026.03.06 12:45:34,2026.03.06 15:56:21,2026.03.06 14:30:00,7,1,-0.72586540218736162,42.5,0,1,0,,,,
204,2026.03.06 12:45:34,2026.03.06 15:56:21,2026.03.06 14:45:00,8,1,-0.5911288646045042,42.5,0,1,0,,,,
204,2026.03.06 12:45:34,2026.03.06 15:56:21,2026.03.06 15:00:00,9,1,-0.59848015992135406,42.125,0,1,0,,,,
204,2026.03.06 12:45:34,2026.03.06 15:56:21,2026.03.06 15:15:00,10,1,-0.69678529053625504,42.125,0,1,0,,,,
204,2026.03.06 12:45:34,2026.03.06 15:56:21,2026.03.06 15:30:00,11,1,-0.76174340416311304,42.125,0,1,0,,,,
204,2026.03.06 12:45:34,2026.03.06 15:56:21,2026.03.06 15:45:00,12,1,-1.4835179196431458,41.875,1,1,0,,,,
210,2026.03.09 12:45:35,2026.03.09 15:30:00,2026.03.09 13:00:00,1,-1,0.90955847956140201,58.75,0,0,0,,,,
210,2026.03.09 12:45:35,2026.03.09 15:30:00,2026.03.09 13:15:00,2,-1,0.58861690871110861,59.125,0,1,0,,,,
210,2026.03.09 12:45:35,2026.03.09 15:30:00,2026.03.09 13:30:00,3,-1,0.41464553138769056,60.5,0,1,0,,,,
210,2026.03.09 12:45:35,2026.03.09 15:30:00,2026.03.09 13:45:00,4,-1,0.55331616989772026,60.5,0,1,0,,,,
210,2026.03.09 12:45:35,2026.03.09 15:30:00,2026.03.09 14:00:00,5,-1,0.48225018021610572,60.5,0,1,0,,,,
210,2026.03.09 12:45:35,2026.03.09 15:30:00,2026.03.09 14:15:00,6,-1,0.61783858492263244,60.5,0,1,0,,,,
210,2026.03.09 12:45:35,2026.03.09 15:30:00,2026.03.09 14:30:00,7,-1,0.43731626442706933,59.125,0,1,0,,,,
210,2026.03.09 12:45:35,2026.03.09 15:30:00,2026.03.09 14:45:00,8,-1,0.54175596430118833,59.125,0,1,0,,,,
210,2026.03.09 12:45:35,2026.03.09 15:30:00,2026.03.09 15:00:00,9,-1,0.3620820480823963,59.125,0,1,0,,,,
210,2026.03.09 12:45:35,2026.03.09 15:30:00,2026.03.09 15:15:00,10,-1,0.47434401452224423,58.875,0,1,0,,,,
221,2026.03.10 15:17:01,2026.03.10 16:45:00,2026.03.10 15:30:00,1,1,-1.2347593085218806,47.875,1,0,0,,,,
221,2026.03.10 15:17:01,2026.03.10 16:45:00,2026.03.10 15:45:00,2,1,-1.0774185478703944,47.875,1,0,0,,,,
221,2026.03.10 15:17:01,2026.03.10 16:45:00,2026.03.10 16:00:00,3,1,-0.79071962070241963,47.875,0,0,0,,,,
227,2026.03.11 12:50:36,2026.03.11 13:30:00,2026.03.11 13:00:00,1,1,-1.2699512333650793,37.125,1,0,0,,,,
227,2026.03.11 12:50:36,2026.03.11 13:30:00,2026.03.11 13:15:00,2,1,-0.54662949124114646,37.125,0,0,0,,,,
231,2026.03.12 12:51:58,2026.03.12 14:00:00,2026.03.12 13:00:00,1,-1,1.026912626161407,43.625,1,0,0,,,,
231,2026.03.12 12:51:58,2026.03.12 14:00:00,2026.03.12 13:15:00,2,-1,0.80799583722623591,43.25,0,0,0,,,,
231,2026.03.12 12:51:58,2026.03.12 14:00:00,2026.03.12 13:30:00,3,-1,0.53022306870686309,42.25,0,1,0,,,,
231,2026.03.12 12:51:58,2026.03.12 14:00:00,2026.03.12 13:45:00,4,-1,0.60661935007918699,41.125,0,1,0,,,,
235,2026.03.13 13:19:48,2026.03.13 17:15:00,2026.03.13 13:30:00,1,-1,1.2500964640673946,40.625,1,0,0,,,,
235,2026.03.13 13:19:48,2026.03.13 17:15:00,2026.03.13 13:45:00,2,-1,1.1627553267177977,40.625,1,0,0,,,,
235,2026.03.13 13:19:48,2026.03.13 17:15:00,2026.03.13 14:00:00,3,-1,1.6851480346028203,40.375,1,0,0,,,,
235,2026.03.13 13:19:48,2026.03.13 17:15:00,2026.03.13 14:15:00,4,-1,2.0258959881780561,40.625,1,0,0,,,,
235,2026.03.13 13:19:48,2026.03.13 17:15:00,2026.03.13 14:30:00,5,-1,2.0690546693922016,41.375,1,0,0,,,,
235,2026.03.13 13:19:48,2026.03.13 17:15:00,2026.03.13 14:45:00,6,-1,1.7426964383309391,42.125,1,0,0,,,,
235,2026.03.13 13:19:48,2026.03.13 17:15:00,2026.03.13 15:00:00,7,-1,1.4473644323265473,41.375,1,0,0,,,,
235,2026.03.13 13:19:48,2026.03.13 17:15:00,2026.03.13 15:15:00,8,-1,1.1300790908489897,41.375,1,0,0,,,,
235,2026.03.13 13:19:48,2026.03.13 17:15:00,2026.03.13 15:30:00,9,-1,1.1691932742425011,41.375,1,0,0,,,,
235,2026.03.13 13:19:48,2026.03.13 17:15:00,2026.03.13 15:45:00,10,-1,1.2323148408258169,41.375,1,0,0,,,,
235,2026.03.13 13:19:48,2026.03.13 17:15:00,2026.03.13 16:00:00,11,-1,1.4377858848303133,41.375,1,0,0,,,,
241,2026.03.16 15:09:30,2026.03.16 17:45:00,2026.03.16 15:15:00,1,-1,1.2690163993362833,41.25,1,0,0,,,,
241,2026.03.16 15:09:30,2026.03.16 17:45:00,2026.03.16 15:30:00,2,-1,1.302245815838972,41.25,1,0,0,,,,
241,2026.03.16 15:09:30,2026.03.16 17:45:00,2026.03.16 15:45:00,3,-1,1.6501402252739241,40.75,1,0,0,,,,
241,2026.03.16 15:09:30,2026.03.16 17:45:00,2026.03.16 16:00:00,4,-1,1.4258899188950198,40.75,1,0,0,,,,
248,2026.03.17 14:38:45,2026.03.17 18:30:00,2026.03.17 14:45:00,1,-1,0.68912292244480666,31.25,0,0,0,,,,
248,2026.03.17 14:38:45,2026.03.17 18:30:00,2026.03.17 15:00:00,2,-1,0.56593313034353154,31,0,1,0,,,,
248,2026.03.17 14:38:45,2026.03.17 18:30:00,2026.03.17 15:15:00,3,-1,1.2307176599196847,31,1,1,1,24694.400000000001,1,2026.03.17 15:15:00,-2.6419354838708973
248,2026.03.17 14:38:45,2026.03.17 18:30:00,2026.03.17 15:30:00,4,-1,0.8182302017965345,31.25,0,1,0,,,,
248,2026.03.17 14:38:45,2026.03.17 18:30:00,2026.03.17 15:45:00,5,-1,0.97625425104763552,31.625,0,1,0,,,,
248,2026.03.17 14:38:45,2026.03.17 18:30:00,2026.03.17 16:00:00,6,-1,1.0614017945380168,31.625,1,1,0,,,,
253,2026.03.18 15:15:24,2026.03.18 19:00:00,2026.03.18 15:30:00,1,1,-2.1097223379413728,22,1,0,0,,,,
253,2026.03.18 15:15:24,2026.03.18 19:00:00,2026.03.18 15:45:00,2,1,-3.380616287655426,22,1,0,0,,,,
253,2026.03.18 15:15:24,2026.03.18 19:00:00,2026.03.18 16:00:00,3,1,-3.368233296487944,22,1,0,0,,,,
262,2026.03.20 13:20:13,2026.03.20 15:30:00,2026.03.20 13:30:00,1,1,-1.487813179272288,46.875,1,0,0,,,,
262,2026.03.20 13:20:13,2026.03.20 15:30:00,2026.03.20 13:45:00,2,1,-1.4090342357707344,46.625,1,0,0,,,,
262,2026.03.20 13:20:13,2026.03.20 15:30:00,2026.03.20 14:00:00,3,1,-1.4466112590344509,46.625,1,0,0,,,,
262,2026.03.20 13:20:13,2026.03.20 15:30:00,2026.03.20 14:15:00,4,1,-1.2782805959105528,46.375,1,0,0,,,,
262,2026.03.20 13:20:13,2026.03.20 15:30:00,2026.03.20 14:30:00,5,1,-0.88937104752884388,46.625,0,0,0,,,,
262,2026.03.20 13:20:13,2026.03.20 15:30:00,2026.03.20 14:45:00,6,1,-1.0125933784608865,46.625,1,1,1,24240.990000000002,1,2026.03.20 14:45:00,-2.9188203753351236
262,2026.03.20 13:20:13,2026.03.20 15:30:00,2026.03.20 15:00:00,7,1,-0.9070264213829029,46.375,0,1,0,,,,
262,2026.03.20 13:20:13,2026.03.20 15:30:00,2026.03.20 15:15:00,8,1,-0.5370389935460218,46.375,0,1,0,,,,
268,2026.03.23 14:15:06,2026.03.23 17:15:00,2026.03.23 14:30:00,1,-1,1.8244861611195025,53.25,1,0,0,,,,
268,2026.03.23 14:15:06,2026.03.23 17:15:00,2026.03.23 14:45:00,2,-1,1.7457159871713011,53.625,1,0,0,,,,
268,2026.03.23 14:15:06,2026.03.23 17:15:00,2026.03.23 15:00:00,3,-1,1.3286336842948041,53.625,1,0,0,,,,
268,2026.03.23 14:15:06,2026.03.23 17:15:00,2026.03.23 15:15:00,4,-1,1.3262271266361678,53.875,1,0,0,,,,
268,2026.03.23 14:15:06,2026.03.23 17:15:00,2026.03.23 15:30:00,5,-1,1.6255488087163736,53.875,1,0,0,,,,
268,2026.03.23 14:15:06,2026.03.23 17:15:00,2026.03.23 15:45:00,6,-1,1.9857614911751169,54,1,0,0,,,,
268,2026.03.23 14:15:06,2026.03.23 17:15:00,2026.03.23 16:00:00,7,-1,2.0630925514281193,54.25,1,0,0,,,,
280,2026.03.26 12:30:07,2026.03.26 15:30:00,2026.03.26 12:45:00,1,1,-1.3655706981754765,41.575000000000728,1,0,0,,,,
280,2026.03.26 12:30:07,2026.03.26 15:30:00,2026.03.26 13:00:00,2,1,-1.3137072283482509,41.575000000000728,1,0,0,,,,
280,2026.03.26 12:30:07,2026.03.26 15:30:00,2026.03.26 13:15:00,3,1,-0.65701271700383757,40.075000000000728,0,0,0,,,,
280,2026.03.26 12:30:07,2026.03.26 15:30:00,2026.03.26 13:30:00,4,1,-0.57610883324540596,40.075000000000728,0,1,0,,,,
280,2026.03.26 12:30:07,2026.03.26 15:30:00,2026.03.26 13:45:00,5,1,-0.92752546465455077,39.950000000000728,0,1,0,,,,
280,2026.03.26 12:30:07,2026.03.26 15:30:00,2026.03.26 14:00:00,6,1,-0.80321823936066106,41.575000000000728,0,1,0,,,,
280,2026.03.26 12:30:07,2026.03.26 15:30:00,2026.03.26 14:15:00,7,1,-0.41421108472101165,39.950000000000728,0,1,0,,,,
280,2026.03.26 12:30:07,2026.03.26 15:30:00,2026.03.26 14:30:00,8,1,-0.47877420445594787,39.950000000000728,0,1,0,,,,
280,2026.03.26 12:30:07,2026.03.26 15:30:00,2026.03.26 14:45:00,9,1,-0.47650012765462174,41.575000000000728,0,1,0,,,,
280,2026.03.26 12:30:07,2026.03.26 15:30:00,2026.03.26 15:00:00,10,1,-0.90062283349369121,41.575000000000728,0,1,0,,,,
280,2026.03.26 12:30:07,2026.03.26 15:30:00,2026.03.26 15:15:00,11,1,-0.33067779891221089,41.575000000000728,0,1,0,,,,
286,2026.03.27 13:00:11,2026.03.27 17:00:00,2026.03.27 13:15:00,1,1,-1.6139660187763787,37.625,1,0,0,,,,
286,2026.03.27 13:00:11,2026.03.27 17:00:00,2026.03.27 13:30:00,2,1,-1.331324565965545,37.625,1,0,0,,,,
286,2026.03.27 13:00:11,2026.03.27 17:00:00,2026.03.27 13:45:00,3,1,-1.9209475504719633,37.625,1,0,0,,,,
286,2026.03.27 13:00:11,2026.03.27 17:00:00,2026.03.27 14:00:00,4,1,-2.2869558241541039,37.625,1,0,0,,,,
286,2026.03.27 13:00:11,2026.03.27 17:00:00,2026.03.27 14:15:00,5,1,-2.0663967382847974,38.375,1,0,0,,,,
286,2026.03.27 13:00:11,2026.03.27 17:00:00,2026.03.27 14:30:00,6,1,-1.4754064132611016,38.375,1,0,0,,,,
286,2026.03.27 13:00:11,2026.03.27 17:00:00,2026.03.27 14:45:00,7,1,-1.4402684884564094,38.375,1,0,0,,,,
286,2026.03.27 13:00:11,2026.03.27 17:00:00,2026.03.27 15:00:00,8,1,-1.2252687931388559,37.5,1,0,0,,,,
286,2026.03.27 13:00:11,2026.03.27 17:00:00,2026.03.27 15:15:00,9,1,-1.1595242847338825,37.5,1,0,0,,,,
286,2026.03.27 13:00:11,2026.03.27 17:00:00,2026.03.27 15:30:00,10,1,-1.4508455286408015,38.375,1,0,0,,,,
286,2026.03.27 13:00:11,2026.03.27 17:00:00,2026.03.27 15:45:00,11,1,-1.5506841458121408,37.5,1,0,0,,,,
286,2026.03.27 13:00:11,2026.03.27 17:00:00,2026.03.27 16:00:00,12,1,-1.2932819541111722,38.375,1,0,0,,,,
308,2026.04.02 14:58:46,2026.04.02 16:30:00,2026.04.02 15:00:00,1,1,-1.3194669046571479,36.625,1,0,0,,,,
308,2026.04.02 14:58:46,2026.04.02 16:30:00,2026.04.02 15:15:00,2,1,-1.193463499824887,36.625,1,0,0,,,,
308,2026.04.02 14:58:46,2026.04.02 16:30:00,2026.04.02 15:30:00,3,1,-1.093348364377611,36.625,1,0,0,,,,
308,2026.04.02 14:58:46,2026.04.02 16:30:00,2026.04.02 15:45:00,4,1,-0.7437740076249808,37.75,0,0,0,,,,
308,2026.04.02 14:58:46,2026.04.02 16:30:00,2026.04.02 16:00:00,5,1,-0.91437232407652824,36.625,0,1,0,,,,
316,2026.04.06 12:19:26,2026.04.06 14:00:00,2026.04.06 12:30:00,1,-1,1.8890987114155973,24.875,1,0,0,,,,
316,2026.04.06 12:19:26,2026.04.06 14:00:00,2026.04.06 12:45:00,2,-1,1.7115536624102998,24.875,1,0,0,,,,
316,2026.04.06 12:19:26,2026.04.06 14:00:00,2026.04.06 13:00:00,3,-1,0.98134318402284948,24.875,0,0,0,,,,
316,2026.04.06 12:19:26,2026.04.06 14:00:00,2026.04.06 13:15:00,4,-1,1.495546058682601,25.25,1,1,1,24205.07,1,2026.04.06 13:30:00,-0.35366336633664519
316,2026.04.06 12:19:26,2026.04.06 14:00:00,2026.04.06 13:30:00,5,-1,1.2687118612479886,26,1,1,0,,,,
316,2026.04.06 12:19:26,2026.04.06 14:00:00,2026.04.06 13:45:00,6,-1,0.83359222338374694,26,0,1,0,,,,
321,2026.04.07 12:17:10,2026.04.07 14:00:00,2026.04.07 12:30:00,1,-1,1.7110740362684478,31.5,1,0,0,,,,
321,2026.04.07 12:17:10,2026.04.07 14:00:00,2026.04.07 12:45:00,2,-1,1.5721263346895622,31.5,1,0,0,,,,
321,2026.04.07 12:17:10,2026.04.07 14:00:00,2026.04.07 13:00:00,3,-1,1.5106855989935823,31.5,1,0,0,,,,
321,2026.04.07 12:17:10,2026.04.07 14:00:00,2026.04.07 13:15:00,4,-1,1.3247741061275311,31.5,1,0,0,,,,
321,2026.04.07 12:17:10,2026.04.07 14:00:00,2026.04.07 13:30:00,5,-1,1.3681186256975502,32,1,0,0,,,,
321,2026.04.07 12:17:10,2026.04.07 14:00:00,2026.04.07 13:45:00,6,-1,0.44390146586950191,32.5,0,0,0,,,,
323,2026.04.07 14:32:16,2026.04.07 18:30:00,2026.04.07 14:45:00,1,1,-1.4066516634253516,34.125,1,0,0,,,,
323,2026.04.07 14:32:16,2026.04.07 18:30:00,2026.04.07 15:00:00,2,1,-1.4839567287660436,34.375,1,0,0,,,,
323,2026.04.07 14:32:16,2026.04.07 18:30:00,2026.04.07 15:15:00,3,1,-2.0782534108886797,34.125,1,0,0,,,,
323,2026.04.07 14:32:16,2026.04.07 18:30:00,2026.04.07 15:30:00,4,1,-1.5737817269127277,34.375,1,0,0,,,,
323,2026.04.07 14:32:16,2026.04.07 18:30:00,2026.04.07 15:45:00,5,1,-1.7271958911985508,34.575000000000728,1,0,0,,,,
323,2026.04.07 14:32:16,2026.04.07 18:30:00,2026.04.07 16:00:00,6,1,-1.6094810339188674,34.825000000000728,1,0,0,,,,
338,2026.04.10 15:45:09,2026.04.10 18:45:00,2026.04.10 16:00:00,1,-1,0.63900285058595951,23.625,0,0,0,,,,
355,2026.04.16 13:45:25,2026.04.16 16:30:00,2026.04.16 14:00:00,1,1,-0.78829994217750932,21.75,0,0,0,,,,
355,2026.04.16 13:45:25,2026.04.16 16:30:00,2026.04.16 14:15:00,2,1,-0.25856556652379481,22.125,0,1,0,,,,
355,2026.04.16 13:45:25,2026.04.16 16:30:00,2026.04.16 14:30:00,3,1,-0.46630002968995493,21.75,0,1,0,,,,
355,2026.04.16 13:45:25,2026.04.16 16:30:00,2026.04.16 14:45:00,4,1,-0.35220273096634408,21.75,0,1,0,,,,
355,2026.04.16 13:45:25,2026.04.16 16:30:00,2026.04.16 15:00:00,5,1,-0.32149277994402142,21.75,0,1,0,,,,
355,2026.04.16 13:45:25,2026.04.16 16:30:00,2026.04.16 15:15:00,6,1,-0.62382126842139518,22.125,0,1,0,,,,
355,2026.04.16 13:45:25,2026.04.16 16:30:00,2026.04.16 15:30:00,7,1,-0.32082838676414238,22.5,0,1,0,,,,
355,2026.04.16 13:45:25,2026.04.16 16:30:00,2026.04.16 15:45:00,8,1,-0.47263931295410033,22.125,0,1,0,,,,
355,2026.04.16 13:45:25,2026.04.16 16:30:00,2026.04.16 16:00:00,9,1,-0.77028676012209518,22.125,0,1,0,,,,
360,2026.04.17 13:07:24,2026.04.17 17:00:00,2026.04.17 13:15:00,1,-1,0.86496637412724542,20.950000000000728,0,0,0,,,,
360,2026.04.17 13:07:24,2026.04.17 17:00:00,2026.04.17 13:30:00,2,-1,0.72098408322718244,20.950000000000728,0,1,0,,,,
360,2026.04.17 13:07:24,2026.04.17 17:00:00,2026.04.17 13:45:00,3,-1,0.38416665529828936,21.200000000000728,0,1,0,,,,
360,2026.04.17 13:07:24,2026.04.17 17:00:00,2026.04.17 14:00:00,4,-1,0.49747440422820588,21.200000000000728,0,1,0,,,,
360,2026.04.17 13:07:24,2026.04.17 17:00:00,2026.04.17 14:15:00,5,-1,0.62061334503538612,21.875,0,1,0,,,,
360,2026.04.17 13:07:24,2026.04.17 17:00:00,2026.04.17 14:30:00,6,-1,0.61354262139670168,21.875,0,1,0,,,,
360,2026.04.17 13:07:24,2026.04.17 17:00:00,2026.04.17 14:45:00,7,-1,0.54122288610495473,21.200000000000728,0,1,0,,,,
360,2026.04.17 13:07:24,2026.04.17 17:00:00,2026.04.17 15:00:00,8,-1,0.6533001858829669,20.950000000000728,0,1,0,,,,
360,2026.04.17 13:07:24,2026.04.17 17:00:00,2026.04.17 15:15:00,9,-1,1.004984160414921,20.25,1,1,1,26469.419999999998,1,2026.04.17 15:15:00,-12.3051851851852
360,2026.04.17 13:07:24,2026.04.17 17:00:00,2026.04.17 15:30:00,10,-1,1.2767884779002807,20.950000000000728,1,1,0,,,,
360,2026.04.17 13:07:24,2026.04.17 17:00:00,2026.04.17 15:45:00,11,-1,1.2088084303905551,20.950000000000728,1,1,0,,,,
360,2026.04.17 13:07:24,2026.04.17 17:00:00,2026.04.17 16:00:00,12,-1,2.7824129740172894,20.950000000000728,1,1,0,,,,
374,2026.04.23 15:00:46,2026.04.23 17:15:00,2026.04.23 15:15:00,1,-1,1.5100824040891219,31,1,0,0,,,,
374,2026.04.23 15:00:46,2026.04.23 17:15:00,2026.04.23 15:30:00,2,-1,0.88802282804270383,31.25,0,0,0,,,,
374,2026.04.23 15:00:46,2026.04.23 17:15:00,2026.04.23 15:45:00,3,-1,0.82147995226690018,31.375,0,1,0,,,,
374,2026.04.23 15:00:46,2026.04.23 17:15:00,2026.04.23 16:00:00,4,-1,0.65386252017684421,31.375,0,1,0,,,,
378,2026.04.24 14:15:49,2026.04.24 16:30:00,2026.04.24 14:30:00,1,-1,1.9226446140034905,31,1,0,0,,,,
378,2026.04.24 14:15:49,2026.04.24 16:30:00,2026.04.24 14:45:00,2,-1,1.6832078256594181,31.5,1,0,0,,,,
378,2026.04.24 14:15:49,2026.04.24 16:30:00,2026.04.24 15:00:00,3,-1,1.4268875935732808,31.5,1,0,0,,,,
378,2026.04.24 14:15:49,2026.04.24 16:30:00,2026.04.24 15:15:00,4,-1,1.5791179203259031,31,1,0,0,,,,
378,2026.04.24 14:15:49,2026.04.24 16:30:00,2026.04.24 15:30:00,5,-1,1.541566659334465,31.5,1,0,0,,,,
378,2026.04.24 14:15:49,2026.04.24 16:30:00,2026.04.24 15:45:00,6,-1,1.0308297637481878,32.25,1,0,0,,,,
378,2026.04.24 14:15:49,2026.04.24 16:30:00,2026.04.24 16:00:00,7,-1,0.99863963761100261,32.25,0,0,0,,,,
381,2026.04.27 14:22:26,2026.04.27 15:15:00,2026.04.27 14:30:00,1,-1,0.90735903181623567,28.625,0,0,0,,,,
381,2026.04.27 14:22:26,2026.04.27 15:15:00,2026.04.27 14:45:00,2,-1,0.54953993948178315,27.125,0,1,0,,,,
381,2026.04.27 14:22:26,2026.04.27 15:15:00,2026.04.27 15:00:00,3,-1,0.49044548037460822,27.125,0,1,0,,,,
386,2026.04.28 13:17:19,2026.04.28 17:15:00,2026.04.28 13:30:00,1,1,-0.96196380919752111,24.25,0,0,0,,,,
386,2026.04.28 13:17:19,2026.04.28 17:15:00,2026.04.28 13:45:00,2,1,-1.4367754982161847,24.25,1,1,1,27134.880000000001,1,2026.04.28 13:45:00,-5.9868041237113525
386,2026.04.28 13:17:19,2026.04.28 17:15:00,2026.04.28 14:00:00,3,1,-1.2478877237604948,24.375,1,1,0,,,,
386,2026.04.28 13:17:19,2026.04.28 17:15:00,2026.04.28 14:15:00,4,1,-2.0184381689463402,24.5,1,1,0,,,,
386,2026.04.28 13:17:19,2026.04.28 17:15:00,2026.04.28 14:30:00,5,1,-3.0949699280941858,24.625,1,1,0,,,,
386,2026.04.28 13:17:19,2026.04.28 17:15:00,2026.04.28 14:45:00,6,1,-3.0096903770783081,24.75,1,1,0,,,,
386,2026.04.28 13:17:19,2026.04.28 17:15:00,2026.04.28 15:00:00,7,1,-3.8988223865416458,24.75,1,1,0,,,,
386,2026.04.28 13:17:19,2026.04.28 17:15:00,2026.04.28 15:15:00,8,1,-3.5874052978188238,24.875,1,1,0,,,,
386,2026.04.28 13:17:19,2026.04.28 17:15:00,2026.04.28 15:30:00,9,1,-3.8224700889335765,25.625,1,1,0,,,,
386,2026.04.28 13:17:19,2026.04.28 17:15:00,2026.04.28 15:45:00,10,1,-2.7523503657308246,26.375,1,1,0,,,,
386,2026.04.28 13:17:19,2026.04.28 17:15:00,2026.04.28 16:00:00,11,1,-1.9058984442178228,26.75,1,1,0,,,,
403,2026.05.04 13:15:12,2026.05.04 16:15:00,2026.05.04 13:30:00,1,1,-1.5367704821294397,33.025000000001455,1,0,0,,,,
403,2026.05.04 13:15:12,2026.05.04 16:15:00,2026.05.04 13:45:00,2,1,-0.92142316017424042,33.5,0,0,0,,,,
403,2026.05.04 13:15:12,2026.05.04 16:15:00,2026.05.04 14:00:00,3,1,-0.79519714461676205,33.875,0,1,0,,,,
403,2026.05.04 13:15:12,2026.05.04 16:15:00,2026.05.04 14:15:00,4,1,-0.47071189564890481,33.875,0,1,0,,,,
403,2026.05.04 13:15:12,2026.05.04 16:15:00,2026.05.04 14:30:00,5,1,-0.66540947987177956,34.125,0,1,0,,,,
403,2026.05.04 13:15:12,2026.05.04 16:15:00,2026.05.04 14:45:00,6,1,-0.68067691735569003,34.125,0,1,0,,,,
403,2026.05.04 13:15:12,2026.05.04 16:15:00,2026.05.04 15:00:00,7,1,-0.53284828307626575,35,0,1,0,,,,
403,2026.05.04 13:15:12,2026.05.04 16:15:00,2026.05.04 15:15:00,8,1,-0.45017382942332346,35.75,0,1,0,,,,
403,2026.05.04 13:15:12,2026.05.04 16:15:00,2026.05.04 15:30:00,9,1,-0.38577583297855472,36,0,1,0,,,,
403,2026.05.04 13:15:12,2026.05.04 16:15:00,2026.05.04 15:45:00,10,1,-0.39981308030150448,36.25,0,1,0,,,,
403,2026.05.04 13:15:12,2026.05.04 16:15:00,2026.05.04 16:00:00,11,1,-0.3679535575003805,36.25,0,1,0,,,,
414,2026.05.06 12:15:28,2026.05.06 15:15:00,2026.05.06 12:30:00,1,-1,1.472743839568492,25.75,1,0,0,,,,
414,2026.05.06 12:15:28,2026.05.06 15:15:00,2026.05.06 12:45:00,2,-1,1.8467214965692513,25.75,1,0,0,,,,
414,2026.05.06 12:15:28,2026.05.06 15:15:00,2026.05.06 13:00:00,3,-1,1.8406898028779028,26,1,0,0,,,,
414,2026.05.06 12:15:28,2026.05.06 15:15:00,2026.05.06 13:15:00,4,-1,2.079752747245839,26.625,1,0,0,,,,
414,2026.05.06 12:15:28,2026.05.06 15:15:00,2026.05.06 13:30:00,5,-1,2.4102905001413268,26.625,1,0,0,,,,
414,2026.05.06 12:15:28,2026.05.06 15:15:00,2026.05.06 13:45:00,6,-1,2.6024256621524571,27,1,0,0,,,,
414,2026.05.06 12:15:28,2026.05.06 15:15:00,2026.05.06 14:00:00,7,-1,2.5151167739752407,27.125,1,0,0,,,,
414,2026.05.06 12:15:28,2026.05.06 15:15:00,2026.05.06 14:15:00,8,-1,2.879476554234182,27.125,1,0,0,,,,
414,2026.05.06 12:15:28,2026.05.06 15:15:00,2026.05.06 14:30:00,9,-1,2.7083475976243268,27.25,1,0,0,,,,
414,2026.05.06 12:15:28,2026.05.06 15:15:00,2026.05.06 14:45:00,10,-1,1.9466590523385197,27.25,1,0,0,,,,
414,2026.05.06 12:15:28,2026.05.06 15:15:00,2026.05.06 15:00:00,11,-1,0.57624632370306006,27.25,0,0,0,,,,
429,2026.05.11 14:30:49,2026.05.11 15:15:00,2026.05.11 14:45:00,1,-1,0.5477704229816488,33.949999999998909,0,0,0,,,,
429,2026.05.11 14:30:49,2026.05.11 15:15:00,2026.05.11 15:00:00,2,-1,0.4959353156221874,34.125,0,1,0,,,,
436,2026.05.13 15:46:57,2026.05.13 18:45:00,2026.05.13 16:00:00,1,1,-1.3157036148283161,34.75,1,0,0,,,,
445,2026.05.15 12:45:33,2026.05.15 14:15:00,2026.05.15 13:00:00,1,1,-1.3244113309631382,48.125,1,0,0,,,,
445,2026.05.15 12:45:33,2026.05.15 14:15:00,2026.05.15 13:15:00,2,1,-1.3402037132388291,48.5,1,0,0,,,,
445,2026.05.15 12:45:33,2026.05.15 14:15:00,2026.05.15 13:30:00,3,1,-1.3406230661475207,49,1,0,0,,,,
445,2026.05.15 12:45:33,2026.05.15 14:15:00,2026.05.15 13:45:00,4,1,-0.76370300836307681,49,0,0,0,,,,
445,2026.05.15 12:45:33,2026.05.15 14:15:00,2026.05.15 14:00:00,5,1,-0.56047137829540083,49,0,1,0,,,,
467,2026.05.21 14:34:47,2026.05.21 17:00:00,2026.05.21 14:45:00,1,1,-1.1628797856464876,45.924999999999272,1,0,0,,,,
467,2026.05.21 14:34:47,2026.05.21 17:00:00,2026.05.21 15:00:00,2,1,-0.97998415789051363,46.174999999999272,0,0,0,,,,
467,2026.05.21 14:34:47,2026.05.21 17:00:00,2026.05.21 15:15:00,3,1,-1.3490260810656445,46.174999999999272,1,1,1,29167.599999999999,1,2026.05.21 15:15:00,1.0514347590688398
467,2026.05.21 14:34:47,2026.05.21 17:00:00,2026.05.21 15:30:00,4,1,-1.4417598823299853,46.174999999999272,1,1,0,,,,
467,2026.05.21 14:34:47,2026.05.21 17:00:00,2026.05.21 15:45:00,5,1,-1.1491943249930445,46.174999999999272,1,1,0,,,,
467,2026.05.21 14:34:47,2026.05.21 17:00:00,2026.05.21 16:00:00,6,1,-1.5359346785107841,46.174999999999272,1,1,0,,,,
471,2026.05.22 13:32:34,2026.05.22 15:15:00,2026.05.22 13:45:00,1,1,-0.96309795931556708,41.800000000001091,0,0,0,,,,
471,2026.05.22 13:32:34,2026.05.22 15:15:00,2026.05.22 14:00:00,2,1,-1.0292794292690273,41.625,1,1,1,29399.540000000001,1,2026.05.22 14:15:00,5.5654054054054019
471,2026.05.22 13:32:34,2026.05.22 15:15:00,2026.05.22 14:15:00,3,1,-1.1121609894049871,41.625,1,1,0,,,,
471,2026.05.22 13:32:34,2026.05.22 15:15:00,2026.05.22 14:30:00,4,1,-1.4125910048051369,41.625,1,1,0,,,,
471,2026.05.22 13:32:34,2026.05.22 15:15:00,2026.05.22 14:45:00,5,1,-0.94681549953066746,41.449999999998909,0,1,0,,,,
471,2026.05.22 13:32:34,2026.05.22 15:15:00,2026.05.22 15:00:00,6,1,-0.55009380320734513,41.199999999998909,0,1,0,,,,
479,2026.05.26 13:19:27,2026.05.26 16:30:00,2026.05.26 13:30:00,1,-1,2.0174215228189261,22.625,1,0,0,,,,
479,2026.05.26 13:19:27,2026.05.26 16:30:00,2026.05.26 13:45:00,2,-1,1.4247102636541378,23.25,1,0,0,,,,
479,2026.05.26 13:19:27,2026.05.26 16:30:00,2026.05.26 14:00:00,3,-1,1.2803078073227121,23.625,1,0,0,,,,
479,2026.05.26 13:19:27,2026.05.26 16:30:00,2026.05.26 14:15:00,4,-1,1.1068363348034524,23.625,1,0,0,,,,
479,2026.05.26 13:19:27,2026.05.26 16:30:00,2026.05.26 14:30:00,5,-1,1.0980512166272673,24.875,1,0,0,,,,
479,2026.05.26 13:19:27,2026.05.26 16:30:00,2026.05.26 14:45:00,6,-1,0.88815375355933712,25.75,0,0,0,,,,
479,2026.05.26 13:19:27,2026.05.26 16:30:00,2026.05.26 15:00:00,7,-1,0.90747368407548301,26,0,1,0,,,,
479,2026.05.26 13:19:27,2026.05.26 16:30:00,2026.05.26 15:15:00,8,-1,0.95932307984583187,26,0,1,0,,,,
479,2026.05.26 13:19:27,2026.05.26 16:30:00,2026.05.26 15:30:00,9,-1,0.93205081117285815,26,0,1,0,,,,
479,2026.05.26 13:19:27,2026.05.26 16:30:00,2026.05.26 15:45:00,10,-1,1.2470113846976116,26,1,1,1,29879.25,1,2026.05.26 15:45:00,-1.5192307692307692
479,2026.05.26 13:19:27,2026.05.26 16:30:00,2026.05.26 16:00:00,11,-1,1.1602181435987673,26,1,1,0,,,,
483,2026.05.27 12:27:37,2026.05.27 16:15:00,2026.05.27 12:30:00,1,-1,1.4523182117287159,29.809999999999491,1,0,0,,,,
483,2026.05.27 12:27:37,2026.05.27 16:15:00,2026.05.27 12:45:00,2,-1,1.6933041179240129,29.809999999999491,1,0,0,,,,
483,2026.05.27 12:27:37,2026.05.27 16:15:00,2026.05.27 13:00:00,3,-1,1.8930989885536542,29.809999999999491,1,0,0,,,,
483,2026.05.27 12:27:37,2026.05.27 16:15:00,2026.05.27 13:15:00,4,-1,1.8117391043261373,29.809999999999491,1,0,0,,,,
483,2026.05.27 12:27:37,2026.05.27 16:15:00,2026.05.27 13:30:00,5,-1,1.4548865435327742,30.309999999999491,1,0,0,,,,
483,2026.05.27 12:27:37,2026.05.27 16:15:00,2026.05.27 13:45:00,6,-1,1.279547075921565,29.809999999999491,1,0,0,,,,
483,2026.05.27 12:27:37,2026.05.27 16:15:00,2026.05.27 14:00:00,7,-1,1.2979545799146426,29.809999999999491,1,0,0,,,,
483,2026.05.27 12:27:37,2026.05.27 16:15:00,2026.05.27 14:15:00,8,-1,1.3882037878126909,29.809999999999491,1,0,0,,,,
483,2026.05.27 12:27:37,2026.05.27 16:15:00,2026.05.27 14:30:00,9,-1,0.8350440876233659,30.309999999999491,0,0,0,,,,
483,2026.05.27 12:27:37,2026.05.27 16:15:00,2026.05.27 14:45:00,10,-1,0.91573380322747566,30.309999999999491,0,1,0,,,,
483,2026.05.27 12:27:37,2026.05.27 16:15:00,2026.05.27 15:00:00,11,-1,0.94281399880757988,29.809999999999491,0,1,0,,,,
483,2026.05.27 12:27:37,2026.05.27 16:15:00,2026.05.27 15:15:00,12,-1,1.1135164859125284,30.309999999999491,1,1,1,30232.68,1,2026.05.27 15:15:00,9.1745298581328409
483,2026.05.27 12:27:37,2026.05.27 16:15:00,2026.05.27 15:30:00,13,-1,2.2913982569315383,30.309999999999491,1,1,0,,,,
483,2026.05.27 12:27:37,2026.05.27 16:15:00,2026.05.27 15:45:00,14,-1,1.5288232514235476,30.625,1,1,0,,,,
483,2026.05.27 12:27:37,2026.05.27 16:15:00,2026.05.27 16:00:00,15,-1,0.60529705402340939,30.625,0,1,0,,,,
506,2026.06.04 12:18:50,2026.06.04 15:15:00,2026.06.04 12:30:00,1,1,-1.5166421104266967,43.625,1,0,0,,,,
506,2026.06.04 12:18:50,2026.06.04 15:15:00,2026.06.04 12:45:00,2,1,-1.7819583648122368,43.75,1,0,0,,,,
506,2026.06.04 12:18:50,2026.06.04 15:15:00,2026.06.04 13:00:00,3,1,-1.5580265962309454,43.75,1,0,0,,,,
506,2026.06.04 12:18:50,2026.06.04 15:15:00,2026.06.04 13:15:00,4,1,-1.8024987366898022,44,1,0,0,,,,
506,2026.06.04 12:18:50,2026.06.04 15:15:00,2026.06.04 13:30:00,5,1,-1.981738644776184,44,1,0,0,,,,
506,2026.06.04 12:18:50,2026.06.04 15:15:00,2026.06.04 13:45:00,6,1,-2.0120331387130754,44,1,0,0,,,,
506,2026.06.04 12:18:50,2026.06.04 15:15:00,2026.06.04 14:00:00,7,1,-2.0544801417446421,44.125,1,0,0,,,,
506,2026.06.04 12:18:50,2026.06.04 15:15:00,2026.06.04 14:15:00,8,1,-1.2883697071183247,44.524999999999636,1,0,0,,,,
506,2026.06.04 12:18:50,2026.06.04 15:15:00,2026.06.04 14:30:00,9,1,-0.80857099546490641,44.125,0,0,0,,,,
506,2026.06.04 12:18:50,2026.06.04 15:15:00,2026.06.04 14:45:00,10,1,-1.3792043694031304,44.524999999999636,1,1,1,30175.709999999999,0,,
506,2026.06.04 12:18:50,2026.06.04 15:15:00,2026.06.04 15:00:00,11,1,-0.50357344455996456,45.399999999999636,0,1,0,,,,
512,2026.06.05 13:22:42,2026.06.05 14:30:00,2026.06.05 13:30:00,1,-1,1.0948797033230202,44,1,0,0,,,,
512,2026.06.05 13:22:42,2026.06.05 14:30:00,2026.06.05 13:45:00,2,-1,0.86854846926783313,43.875,0,0,0,,,,
512,2026.06.05 13:22:42,2026.06.05 14:30:00,2026.06.05 14:00:00,3,-1,0.38750627846149538,43.875,0,1,0,,,,
512,2026.06.05 13:22:42,2026.06.05 14:30:00,2026.06.05 14:15:00,4,-1,0.36917330817496652,43.375,0,1,0,,,,
520,2026.06.08 15:21:01,2026.06.08 19:15:00,2026.06.08 15:30:00,1,-1,1.242595186620872,74.815000000000509,1,0,0,,,,
520,2026.06.08 15:21:01,2026.06.08 19:15:00,2026.06.08 15:45:00,2,-1,1.2847781433825205,74.815000000000509,1,0,0,,,,
520,2026.06.08 15:21:01,2026.06.08 19:15:00,2026.06.08 16:00:00,3,-1,1.1495298944547179,74.815000000000509,1,0,0,,,,
528,2026.06.10 12:15:52,2026.06.10 15:15:00,2026.06.10 12:30:00,1,1,-0.80222485046986802,64.5,0,0,0,,,,
528,2026.06.10 12:15:52,2026.06.10 15:15:00,2026.06.10 12:45:00,2,1,-0.8696891609659434,65.25,0,1,0,,,,
528,2026.06.10 12:15:52,2026.06.10 15:15:00,2026.06.10 13:00:00,3,1,-0.73706251510969933,65.625,0,1,0,,,,
528,2026.06.10 12:15:52,2026.06.10 15:15:00,2026.06.10 13:15:00,4,1,-0.85585124585310834,65.625,0,1,0,,,,
528,2026.06.10 12:15:52,2026.06.10 15:15:00,2026.06.10 13:30:00,5,1,-0.68967272323154005,65.625,0,1,0,,,,
528,2026.06.10 12:15:52,2026.06.10 15:15:00,2026.06.10 13:45:00,6,1,-0.47707682585951611,65.774999999999636,0,1,0,,,,
528,2026.06.10 12:15:52,2026.06.10 15:15:00,2026.06.10 14:00:00,7,1,-0.52333006726137321,66.649999999999636,0,1,0,,,,
528,2026.06.10 12:15:52,2026.06.10 15:15:00,2026.06.10 14:15:00,8,1,-0.5612985705040292,66.75,0,1,0,,,,
528,2026.06.10 12:15:52,2026.06.10 15:15:00,2026.06.10 14:30:00,9,1,-0.72417060294913482,66.75,0,1,0,,,,
528,2026.06.10 12:15:52,2026.06.10 15:15:00,2026.06.10 14:45:00,10,1,-0.55340999692456794,67.675000000001091,0,1,0,,,,
528,2026.06.10 12:15:52,2026.06.10 15:15:00,2026.06.10 15:00:00,11,1,-0.32913486441669809,67.975000000002183,0,1,0,,,,
538,2026.06.12 12:56:04,2026.06.12 15:15:00,2026.06.12 13:00:00,1,-1,1.1420334422405869,66.875,1,0,0,,,,
538,2026.06.12 12:56:04,2026.06.12 15:15:00,2026.06.12 13:15:00,2,-1,1.5225909837109328,66.875,1,0,0,,,,
538,2026.06.12 12:56:04,2026.06.12 15:15:00,2026.06.12 13:30:00,3,-1,1.0181941338599945,66.875,1,0,0,,,,
538,2026.06.12 12:56:04,2026.06.12 15:15:00,2026.06.12 13:45:00,4,-1,0.79985479992429231,67.324999999998909,0,0,0,,,,
538,2026.06.12 12:56:04,2026.06.12 15:15:00,2026.06.12 14:00:00,5,-1,0.52434431020259531,67.324999999998909,0,1,0,,,,
538,2026.06.12 12:56:04,2026.06.12 15:15:00,2026.06.12 14:15:00,6,-1,0.53520623389445154,67.324999999998909,0,1,0,,,,
538,2026.06.12 12:56:04,2026.06.12 15:15:00,2026.06.12 14:30:00,7,-1,0.4472625963450817,67.324999999998909,0,1,0,,,,
538,2026.06.12 12:56:04,2026.06.12 15:15:00,2026.06.12 14:45:00,8,-1,0.74616394443499323,67.324999999998909,0,1,0,,,,
538,2026.06.12 12:56:04,2026.06.12 15:15:00,2026.06.12 15:00:00,9,-1,0.67859442557405603,67.324999999998909,0,1,0,,,,
544,2026.06.16 13:50:28,2026.06.16 15:00:00,2026.06.16 14:00:00,1,-1,1.2009638160086871,37.425000000001091,1,0,0,,,,
544,2026.06.16 13:50:28,2026.06.16 15:00:00,2026.06.16 14:15:00,2,-1,1.1304450302638156,36.875,1,0,0,,,,
544,2026.06.16 13:50:28,2026.06.16 15:00:00,2026.06.16 14:30:00,3,-1,0.60921426187457695,37.425000000001091,0,0,0,,,,
544,2026.06.16 13:50:28,2026.06.16 15:00:00,2026.06.16 14:45:00,4,-1,0.8676706760327294,37.675000000001091,0,1,0,,,,
549,2026.06.17 13:19:48,2026.06.17 15:45:00,2026.06.17 13:30:00,1,1,-0.86276982290483628,37.635000000000218,0,0,0,,,,
549,2026.06.17 13:19:48,2026.06.17 15:45:00,2026.06.17 13:45:00,2,1,-0.7278450870939619,37.635000000000218,0,1,0,,,,
549,2026.06.17 13:19:48,2026.06.17 15:45:00,2026.06.17 14:00:00,3,1,-0.96635719039371748,37.610000000000582,0,1,0,,,,
549,2026.06.17 13:19:48,2026.06.17 15:45:00,2026.06.17 14:15:00,4,1,-0.57451472239621759,37.635000000000218,0,1,0,,,,
549,2026.06.17 13:19:48,2026.06.17 15:45:00,2026.06.17 14:30:00,5,1,-0.48578098408692871,37.700000000000728,0,1,0,,,,
549,2026.06.17 13:19:48,2026.06.17 15:45:00,2026.06.17 14:45:00,6,1,-0.47231390769752796,37.700000000000728,0,1,0,,,,
549,2026.06.17 13:19:48,2026.06.17 15:45:00,2026.06.17 15:00:00,7,1,-0.9073246564498253,38.375,0,1,0,,,,
549,2026.06.17 13:19:48,2026.06.17 15:45:00,2026.06.17 15:15:00,8,1,-0.43100348946246142,39.25,0,1,0,,,,
549,2026.06.17 13:19:48,2026.06.17 15:45:00,2026.06.17 15:30:00,9,1,-0.51555867469503769,39.25,0,1,0,,,,
557,2026.06.23 12:18:08,2026.06.23 14:15:00,2026.06.23 12:30:00,1,1,-0.71041790478701761,61.549999999999272,0,0,0,,,,
557,2026.06.23 12:18:08,2026.06.23 14:15:00,2026.06.23 12:45:00,2,1,-0.95043381190752485,61.549999999999272,0,1,0,,,,
557,2026.06.23 12:18:08,2026.06.23 14:15:00,2026.06.23 13:00:00,3,1,-0.56418515058399887,61.549999999999272,0,1,0,,,,
557,2026.06.23 12:18:08,2026.06.23 14:15:00,2026.06.23 13:15:00,4,1,-1.2116169092550249,61.549999999999272,1,1,1,29606.060000000001,1,2026.06.23 13:15:00,2.5140536149471941
557,2026.06.23 12:18:08,2026.06.23 14:15:00,2026.06.23 13:30:00,5,1,-1.2349139374826166,62.174999999999272,1,1,0,,,,
557,2026.06.23 12:18:08,2026.06.23 14:15:00,2026.06.23 13:45:00,6,1,-1.1437173618499505,62.659999999998035,1,1,0,,,,
557,2026.06.23 12:18:08,2026.06.23 14:15:00,2026.06.23 14:00:00,7,1,-0.59947898640221509,62.984999999998763,0,1,0,,,,
581,2026.07.02 14:38:06,2026.07.02 15:00:00,2026.07.02 14:45:00,1,-1,0.5210372192710605,53.5,0,0,0,,,,
583,2026.07.02 15:30:03,2026.07.02 17:30:00,2026.07.02 15:45:00,1,-1,1.5829054610218722,55.25,1,0,0,,,,
583,2026.07.02 15:30:03,2026.07.02 17:30:00,2026.07.02 16:00:00,2,-1,1.4509631637452256,55.75,1,0,0,,,,
585,2026.07.06 12:15:10,2026.07.06 12:45:00,2026.07.06 12:30:00,1,-1,0.82828864995638829,34.75,0,0,0,,,,
592,2026.07.08 13:30:31,2026.07.08 14:45:00,2026.07.08 13:45:00,1,1,-1.8741816359384318,55.424999999999272,1,0,0,,,,
592,2026.07.08 13:30:31,2026.07.08 14:45:00,2026.07.08 14:00:00,2,1,-1.9606921243153588,56.309999999999491,1,0,0,,,,
592,2026.07.08 13:30:31,2026.07.08 14:45:00,2026.07.08 14:15:00,3,1,-2.2027031017075811,56.309999999999491,1,0,0,,,,
592,2026.07.08 13:30:31,2026.07.08 14:45:00,2026.07.08 14:30:00,4,1,-0.49565467463339713,56.309999999999491,0,0,0,,,,
595,2026.07.08 15:29:27,2026.07.08 18:15:00,2026.07.08 15:30:00,1,-1,1.1792900471487253,57.309999999999491,1,0,0,,,,
595,2026.07.08 15:29:27,2026.07.08 18:15:00,2026.07.08 15:45:00,2,-1,1.0650010064751827,57.309999999999491,1,0,0,,,,
595,2026.07.08 15:29:27,2026.07.08 18:15:00,2026.07.08 16:00:00,3,-1,1.069996689956096,57.309999999999491,1,0,0,,,,
606,2026.07.14 15:46:28,2026.07.14 18:45:00,2026.07.14 16:00:00,1,-1,1.2186829390162954,59.5,1,0,0,,,,
612,2026.07.16 13:01:08,2026.07.16 14:00:00,2026.07.16 13:15:00,1,1,-0.51452415087556602,51.375,0,0,0,,,,
612,2026.07.16 13:01:08,2026.07.16 14:00:00,2026.07.16 13:30:00,2,1,-0.61179155290757448,51.375,0,1,0,,,,
612,2026.07.16 13:01:08,2026.07.16 14:00:00,2026.07.16 13:45:00,3,1,-0.35587118373450616,51.375,0,1,0,,,,
614,2026.07.16 15:03:55,2026.07.16 17:15:00,2026.07.16 15:15:00,1,1,-1.4676594772322282,52.450000000000728,1,0,0,,,,
614,2026.07.16 15:03:55,2026.07.16 17:15:00,2026.07.16 15:30:00,2,1,-1.5029039871364445,53.325000000000728,1,0,0,,,,
614,2026.07.16 15:03:55,2026.07.16 17:15:00,2026.07.16 15:45:00,3,1,-1.519025215240287,54.324999999998909,1,0,0,,,,
614,2026.07.16 15:03:55,2026.07.16 17:15:00,2026.07.16 16:00:00,4,1,-0.99909943075775476,55.049999999999272,0,0,0,,,,
629,2026.07.22 15:48:31,2026.07.22 16:45:00,2026.07.22 16:00:00,1,1,-1.2181116057789541,38.75,1,0,0,,,,
634,2026.07.23 15:00:34,2026.07.23 18:04:25,2026.07.23 15:15:00,1,1,-1.2458008455912157,45.875,1,0,0,,,,
634,2026.07.23 15:00:34,2026.07.23 18:04:25,2026.07.23 15:30:00,2,1,-1.6983505586210252,46.25,1,0,0,,,,
634,2026.07.23 15:00:34,2026.07.23 18:04:25,2026.07.23 15:45:00,3,1,-2.1448972362547418,46.25,1,0,0,,,,
634,2026.07.23 15:00:34,2026.07.23 18:04:25,2026.07.23 16:00:00,4,1,-1.9875799733913515,46.25,1,0,0,,,,
654,2026.07.29 12:38:52,2026.07.29 13:45:03,2026.07.29 12:45:00,1,-1,0.47950200298372825,72,0,0,0,,,,
654,2026.07.29 12:38:52,2026.07.29 13:45:03,2026.07.29 13:00:00,2,-1,0.46668287405346159,71.75,0,1,0,,,,
654,2026.07.29 12:38:52,2026.07.29 13:45:03,2026.07.29 13:15:00,3,-1,0.4562653714954153,71.75,0,1,0,,,,
654,2026.07.29 12:38:52,2026.07.29 13:45:03,2026.07.29 13:30:00,4,-1,0.36555991562495005,71.75,0,1,0,,,,
654,2026.07.29 12:38:52,2026.07.29 13:45:03,2026.07.29 13:45:00,5,-1,0.24425832338702927,71.75,0,1,0,,,,
661,2026.07.30 15:03:37,2026.07.30 16:51:11,2026.07.30 15:15:00,1,-1,0.94938155419810566,76.925000000001091,0,0,0,,,,
661,2026.07.30 15:03:37,2026.07.30 16:51:11,2026.07.30 15:30:00,2,-1,0.77288308430452901,76.925000000001091,0,1,0,,,,
661,2026.07.30 15:03:37,2026.07.30 16:51:11,2026.07.30 15:45:00,3,-1,0.97419324678633112,76.925000000001091,0,1,0,,,,
661,2026.07.30 15:03:37,2026.07.30 16:51:11,2026.07.30 16:00:00,4,-1,1.2108130158807833,77.25,1,1,1,27707.52,1,2026.07.30 16:00:00,-3.9181877022653757
678,2026.08.04 14:49:37,2026.08.04 18:02:15,2026.08.04 15:00:00,1,-1,1.4026049003545413,42.375,1,0,0,,,,
678,2026.08.04 14:49:37,2026.08.04 18:02:15,2026.08.04 15:15:00,2,-1,1.4387917515582189,43.25,1,0,0,,,,
678,2026.08.04 14:49:37,2026.08.04 18:02:15,2026.08.04 15:30:00,3,-1,1.4811765566780186,42.375,1,0,0,,,,
678,2026.08.04 14:49:37,2026.08.04 18:02:15,2026.08.04 15:45:00,4,-1,1.2042091392233139,41.325000000000728,1,0,0,,,,
678,2026.08.04 14:49:37,2026.08.04 18:02:15,2026.08.04 16:00:00,5,-1,1.0556689712982974,40.635000000000218,1,0,0,,,,
684,2026.08.05 12:15:57,2026.08.05 14:15:00,2026.08.05 12:30:00,1,1,-0.55788296796140646,41.125,0,0,0,,,,
684,2026.08.05 12:15:57,2026.08.05 14:15:00,2026.08.05 12:45:00,2,1,-0.47185431546185208,41.25,0,1,0,,,,
684,2026.08.05 12:15:57,2026.08.05 14:15:00,2026.08.05 13:00:00,3,1,-0.93480888506309268,41.125,0,1,0,,,,
684,2026.08.05 12:15:57,2026.08.05 14:15:00,2026.08.05 13:15:00,4,1,-0.92533333732555045,41.175000000001091,0,1,0,,,,
684,2026.08.05 12:15:57,2026.08.05 14:15:00,2026.08.05 13:30:00,5,1,-0.40843664049626072,41.050000000001091,0,1,0,,,,
684,2026.08.05 12:15:57,2026.08.05 14:15:00,2026.08.05 13:45:00,6,1,-0.25051032738407308,41.050000000001091,0,1,0,,,,
684,2026.08.05 12:15:57,2026.08.05 14:15:00,2026.08.05 14:00:00,7,1,-0.3315019056171668,41.050000000001091,0,1,0,,,,
696,2026.08.07 15:45:12,2026.08.07 17:15:00,2026.08.07 16:00:00,1,-1,1.8779834205829122,43.849999999998545,1,0,0,,,,
702,2026.08.10 15:30:20,2026.08.10 17:15:00,2026.08.10 15:45:00,1,1,-0.97278224061576712,38.925000000001091,0,0,0,,,,
702,2026.08.10 15:30:20,2026.08.10 17:15:00,2026.08.10 16:00:00,2,1,-1.1186278468208188,39.050000000001091,1,1,1,29677.880000000001,1,2026.08.10 16:30:00,0.48066581306017703
710,2026.08.12 12:22:55,2026.08.12 16:15:00,2026.08.12 12:30:00,1,-1,1.3530377565473641,28.100000000002183,1,0,0,,,,
710,2026.08.12 12:22:55,2026.08.12 16:15:00,2026.08.12 12:45:00,2,-1,1.3264000081334548,28.100000000002183,1,0,0,,,,
710,2026.08.12 12:22:55,2026.08.12 16:15:00,2026.08.12 13:00:00,3,-1,0.9466980084628398,28.025000000001455,0,0,0,,,,
710,2026.08.12 12:22:55,2026.08.12 16:15:00,2026.08.12 13:15:00,4,-1,1.1629517079960034,28.100000000002183,1,1,1,29761.630000000001,0,,
710,2026.08.12 12:22:55,2026.08.12 16:15:00,2026.08.12 13:30:00,5,-1,1.1956395067953525,28.100000000002183,1,1,0,,,,
710,2026.08.12 12:22:55,2026.08.12 16:15:00,2026.08.12 13:45:00,6,-1,1.2017702609514473,28.025000000001455,1,1,0,,,,
710,2026.08.12 12:22:55,2026.08.12 16:15:00,2026.08.12 14:00:00,7,-1,0.76906071617242411,28.025000000001455,0,1,0,,,,
710,2026.08.12 12:22:55,2026.08.12 16:15:00,2026.08.12 14:15:00,8,-1,0.59671550665712925,28.100000000002183,0,1,0,,,,
710,2026.08.12 12:22:55,2026.08.12 16:15:00,2026.08.12 14:30:00,9,-1,0.28980805697817352,28.100000000002183,0,1,0,,,,
710,2026.08.12 12:22:55,2026.08.12 16:15:00,2026.08.12 14:45:00,10,-1,0.64031907985052183,28.025000000001455,0,1,0,,,,
710,2026.08.12 12:22:55,2026.08.12 16:15:00,2026.08.12 15:00:00,11,-1,0.63881678368866623,28.025000000001455,0,1,0,,,,
710,2026.08.12 12:22:55,2026.08.12 16:15:00,2026.08.12 15:15:00,12,-1,0.26877375971153056,28.025000000001455,0,1,0,,,,
710,2026.08.12 12:22:55,2026.08.12 16:15:00,2026.08.12 15:30:00,13,-1,1.0416919924194505,28.025000000001455,1,1,0,,,,
710,2026.08.12 12:22:55,2026.08.12 16:15:00,2026.08.12 15:45:00,14,-1,1.0669207835210377,28.025000000001455,1,1,0,,,,
710,2026.08.12 12:22:55,2026.08.12 16:15:00,2026.08.12 16:00:00,15,-1,1.2615154890546836,28.100000000002183,1,1,0,,,,
719,2026.08.17 15:49:11,2026.08.17 18:30:00,2026.08.17 16:00:00,1,1,-1.1819135458200212,23.75,1,0,0,,,,
724,2026.08.18 12:31:19,2026.08.18 14:15:00,2026.08.18 12:45:00,1,1,-2.1625949819151766,31.25,1,0,0,,,,
724,2026.08.18 12:31:19,2026.08.18 14:15:00,2026.08.18 13:00:00,2,1,-2.2568371316371674,31.25,1,0,0,,,,
724,2026.08.18 12:31:19,2026.08.18 14:15:00,2026.08.18 13:15:00,3,1,-1.9552315038432049,31.5,1,0,0,,,,
724,2026.08.18 12:31:19,2026.08.18 14:15:00,2026.08.18 13:30:00,4,1,-1.6621798860693437,31.5,1,0,0,,,,
724,2026.08.18 12:31:19,2026.08.18 14:15:00,2026.08.18 13:45:00,5,1,-1.3732758890367514,31.56000000000131,1,0,0,,,,
724,2026.08.18 12:31:19,2026.08.18 14:15:00,2026.08.18 14:00:00,6,1,-1.0084057185046744,31.56000000000131,1,0,0,,,,
733,2026.08.20 12:35:08,2026.08.20 14:00:00,2026.08.20 12:45:00,1,1,-1.1367993878346598,41.375,1,0,0,,,,
733,2026.08.20 12:35:08,2026.08.20 14:00:00,2026.08.20 13:00:00,2,1,-1.2051877337406505,41.375,1,0,0,,,,
733,2026.08.20 12:35:08,2026.08.20 14:00:00,2026.08.20 13:15:00,3,1,-0.67145831996252336,41.375,0,0,0,,,,
733,2026.08.20 12:35:08,2026.08.20 14:00:00,2026.08.20 13:30:00,4,1,-0.6488342465756487,41.5,0,1,0,,,,
733,2026.08.20 12:35:08,2026.08.20 14:00:00,2026.08.20 13:45:00,5,1,-0.67238764017431074,41.5,0,1,0,,,,
736,2026.08.20 15:30:29,2026.08.20 17:45:00,2026.08.20 15:45:00,1,1,-1.904793795512858,42.375,1,0,0,,,,
736,2026.08.20 15:30:29,2026.08.20 17:45:00,2026.08.20 16:00:00,2,1,-1.4106020419585588,42.625,1,0,0,,,,
